0,-32.84891422,-156.3489204,0,-12.95758232,-11.81630993
0,-33.05339741,-156.5751871,0,-12.27548208,-11.76930431
0,-33.23948367,-156.7944753,0,-11.58614951,-11.75316729
0,-33.41157618,-157.0145589,0,-10.8821022,-11.75407732
0,-33.5729669,-157.2326114,0,-10.16615382,-11.76298252
0,-33.72850664,-157.4475608,0,-9.42918413,-11.7975239
0,-33.87584501,-157.6659758,0,-8.66579167,-11.84869553
0,-34.01536585,-157.8866066,0,-7.86429443,-11.90570428
0,-34.14896167,-158.1026073,0,-7.02209484,-11.9806927
0,-34.27091235,-158.2993554,0,-6.14511922,-12.08484196
0,-34.36934825,-158.475537,0,-5.2369963,-12.21664802
0,-34.43744899,-158.5787168,0,-4.30735601,-12.43534343
0,-34.4757206,-158.6255539,0,-3.35495293,-12.72454619
0,-34.48956515,-158.6051643,0,-2.37667461,-13.10262092
0,-34.48779295,-158.5837775,0,-1.36275017,-13.47780681
0,-34.47744883,-158.5858563,0,-0.31010196,-13.80052509
0,-34.47185621,-158.5993951,0,0.78318779,-14.09313114
0,-34.48016796,-158.6165887,0,1.91878991,-14.37451968
0,-34.51025466,-158.593707,0,3.10526006,-14.7118864
0,-34.55456123,-158.5641734,0,4.33896742,-15.04346288
0,-34.60199052,-158.512047,0,5.61076058,-15.38013828
0,-34.64156866,-158.4540981,0,6.90256234,-15.69905215
0,-34.67295095,-158.3975139,0,8.20682279,-16.00226046
0,-34.69221579,-158.3078514,0,9.51064519,-16.34378371
0,-34.69726431,-158.2201464,0,10.81398156,-16.69071405
0,-34.69474095,-158.1527552,0,12.12332607,-17.00725495
0,-34.67610107,-158.0856152,0,13.44271693,-17.32090094
0,-34.64424723,-158.0427545,0,14.77835862,-17.59483899
0,-34.598776,-158.0233741,0,16.13855398,-17.82605273
0,-34.53940567,-158.007762,0,17.52512109,-18.04411854
0,-34.47173415,-158.0134888,0,18.93783189,-18.21887676
0,-34.39308184,-158.0172066,0,20.35282831,-18.38262253
0,-34.30429168,-158.0292115,0,21.74284599,-18.53010245
0,-34.21358923,-158.027694,0,23.10393834,-18.70219766
0,-34.12722371,-158.0309918,0,24.43562517,-18.86353781
0,-34.04536093,-158.0666708,0,25.75528643,-18.97924135
0,-33.94898272,-158.0725174,0,27.05904226,-19.11800697
0,-33.83185812,-158.0640999,0,28.34849421,-19.25114948
0,-33.70489162,-158.0331367,0,29.62749349,-19.40966559
0,-33.57919768,-157.9792754,0,30.88929519,-19.59573854
0,-33.4611453,-157.8904529,0,32.12351671,-19.83137602
0,-33.34885675,-157.7788452,0,33.33329483,-20.11803522
0,-33.23740931,-157.6465316,0,34.52296683,-20.44793429
0,-33.12025644,-157.4929063,0,35.6855581,-20.80593104
0,-33.00537612,-157.3450927,0,36.83766609,-21.16322907
0,-32.87538455,-157.2078813,0,37.97910919,-21.51633202
0,-32.72915265,-157.070646,0,39.11462702,-21.87817306
0,-32.58156776,-156.9285649,0,40.24399475,-22.25703693
0,-32.44717839,-156.8118731,0,41.35353567,-22.61364183
0,-32.32607704,-156.734521,0,42.39449428,-22.91795065
0,-32.20405567,-156.6561951,0,43.34697909,-23.23540665
0,-32.08408617,-156.59441,0,44.23994295,-23.56354
0,-31.97485195,-156.5257968,0,45.12173673,-23.93351495
0,-31.86484209,-156.4111201,0,46.00827236,-24.37042534
0,-31.73510968,-156.2514283,0,46.89113623,-24.85966815
0,-31.57891111,-156.1077002,0,47.7663794,-25.31294809
0,-31.3876382,-155.9830113,0,48.61749196,-25.73194272
0,-31.16700378,-155.8586379,0,49.43809569,-26.14074978
0,-30.9343014,-155.7370658,0,50.21926835,-26.55091932
0,-30.71462325,-155.6185284,0,50.96264936,-26.96792153
0,-30.52430301,-155.5095549,0,51.66218236,-27.39016988
0,-30.38215767,-155.4478424,0,52.33318728,-27.7626638
0,-30.28959267,-155.4203184,0,53.01295718,-28.0938988
0,-30.2016302,-155.4188432,0,53.68938622,-28.3823759
0,-30.08624042,-155.3757336,0,54.33718457,-28.71071345
0,-29.94911157,-155.36837,0,54.96969937,-28.97934414
0,-29.80032468,-155.4017877,0,55.60511357,-29.1902915
0,-29.63225248,-155.4324987,0,56.24515626,-29.41488225
0,-29.43227675,-155.4098472,0,56.86585036,-29.70887692
0,-29.21063443,-155.3444833,0,57.44782876,-30.05903739
0,-29.01502287,-155.2362734,0,57.99452491,-30.44718852
0,-28.89361236,-155.1649546,0,58.52441509,-30.78933362
0,-28.8522366,-155.1782216,0,59.05140992,-31.0402837
0,-28.84390244,-155.2362374,0,59.57785301,-31.25862695
0,-28.82580318,-155.2681337,0,60.10473435,-31.53280662
0,-28.76862185,-155.2544957,0,60.61316516,-31.86105886
0,-28.66943414,-155.1708637,0,61.09773446,-32.2683585
0,-28.55063652,-155.0618501,0,61.56802671,-32.70474179
0,-28.43413093,-154.9534922,0,62.02358794,-33.1403554
0,-28.33952293,-154.8790608,0,62.46221143,-33.53134889
0,-28.24971462,-154.8093342,0,62.85468236,-33.89757922
0,-28.16277901,-154.7448027,0,63.1845845,-34.2273144
0,-28.08285976,-154.6723033,0,63.46059149,-34.53751825
0,-28.02022041,-154.6187936,0,63.7038999,-34.79221401
0,-27.97682885,-154.5803845,0,63.92269402,-35.00381209
0,-27.95041018,-154.5678564,0,64.11631209,-35.17109374
0,-27.93507768,-154.5724263,0,64.27362146,-35.2998464
0,-27.93499343,-154.5642246,0,64.38568521,-35.41086484
0,-27.95390566,-154.5831559,0,64.44133468,-35.46280465
0,-27.98830766,-154.6042316,0,64.41648066,-35.48111082
0,-28.04661833,-154.6599,0,64.3097481,-35.40536209
0,-28.12976712,-154.7198425,0,64.12797855,-35.28736418
0,-28.23571707,-154.7744764,0,63.86580928,-35.133767
0,-28.36019158,-154.8339664,0,63.53082889,-34.92587598
0,-28.5044875,-154.9310338,0,63.15291011,-34.64161882
0,-28.65969569,-155.0388271,0,62.74519968,-34.3255037
0,-28.81230386,-155.173374,0,62.29617964,-33.9481722
0,-28.9553288,-155.2918982,0,61.80039538,-33.57084105
0,-29.08839734,-155.3992172,0,61.24402055,-33.18091224
0,-29.22699315,-155.50042,0,60.63404167,-32.77888224
0,-29.38739986,-155.6237716,0,59.98250453,-32.33422138
0,-29.58067801,-155.7990937,0,59.30253643,-31.82188511
0,-29.79912867,-156.0192264,0,58.60045765,-31.2575073
0,-30.02154071,-156.2292182,0,57.87910284,-30.71839457
0,-30.23569172,-156.3972204,0,57.14165737,-30.24027673
0,-30.42474315,-156.5249199,0,56.3721989,-29.81946727
0,-30.60043006,-156.6249937,0,55.5762449,-29.42435707
0,-30.77878402,-156.7121291,0,54.76195175,-29.03449318
0,-30.97527297,-156.7933134,0,53.93208578,-28.65643283
0,-31.21081219,-156.9245053,0,53.08262735,-28.21829118
0,-31.48710213,-157.0738619,0,52.19836518,-27.76193639
0,-31.80012655,-157.2605317,0,51.27736131,-27.27071687
0,-32.13503405,-157.4474482,0,50.33365572,-26.82423796
0,-32.47023354,-157.5718924,0,49.38364603,-26.48646444
0,-32.78975732,-157.6195801,0,48.45804967,-26.27034272
0,-33.07872438,-157.6566243,0,47.5558144,-26.06768848
0,-33.33712355,-157.7115977,0,46.661364,-25.83181965
0,-33.58267708,-157.8365064,0,45.76119202,-25.49427644
0,-33.81089875,-157.9982273,0,44.82143753,-25.11081074
0,-34.01533015,-158.1692773,0,43.82783243,-24.72352
0,-34.18633221,-158.361443,0,42.76362986,-24.32209281
0,-34.34052196,-158.4751888,0,41.64709696,-24.04519151
0,-34.51186301,-158.5573303,0,40.53663493,-23.83693676
0,-34.72776365,-158.6090996,0,39.51796552,-23.69161911
0,-34.99689551,-158.6621749,0,38.6069177,-23.55338825
0,-35.30519368,-158.7384499,0,37.76409888,-23.39090864
0,-35.61840378,-158.8247345,0,36.92154759,-23.22713309
0,-35.88796085,-158.8773275,0,36.01395355,-23.12961118
0,-36.07561566,-158.89114,0,35.00637868,-23.09096994
0,-36.18153207,-158.8632469,0,33.90740518,-23.08920315
0,-36.25258621,-158.826897,0,32.77131123,-23.07348666
0,-36.3267392,-158.818823,0,31.66145953,-23.01712739
0,-36.42018623,-158.8437301,0,30.60603059,-22.91439181
0,-36.54744337,-158.8976524,0,29.58914036,-22.75799248
0,-36.72103186,-158.9730035,0,28.58461039,-22.57381499
0,-36.94474886,-159.0897612,0,27.57897557,-22.35048635
0,-37.18401705,-159.2082591,0,26.55143005,-22.14539019
0,-37.39782125,-159.3393526,0,25.47517119,-21.93980889
0,-37.54870832,-159.4306681,0,24.34178231,-21.78859391
0,-37.6381092,-159.5130364,0,23.17249855,-21.63285323
0,-37.68078849,-159.5613667,0,22.00798568,-21.50360129
0,-37.69346258,-159.6044837,0,20.87559545,-21.36863821
0,-37.69809931,-159.6666087,0,19.77858851,-21.18887471
0,-37.71624995,-159.7522245,0,18.70052386,-20.96243509
0,-37.76390462,-159.8547461,0,17.629526,-20.70568969
0,-37.83248542,-160.0043821,0,16.55825746,-20.39007709
0,-37.90022943,-160.1607671,0,15.49782408,-20.08007519
0,-37.95096147,-160.3307467,0,14.45097506,-19.76156974
0,-37.96573127,-160.4977857,0,13.42323257,-19.46532492
0,-37.94076938,-160.6501871,0,12.41742067,-19.17339582
0,-37.88528042,-160.7749137,0,11.43932494,-18.91975498
0,-37.81425821,-160.8982006,0,10.48213717,-18.6653995
0,-37.73755445,-161.0385135,0,9.5468472,-18.38271256
0,-37.66048971,-161.1783657,0,8.63006285,-18.10698611
0,-37.59075766,-161.3267293,0,7.72711289,-17.81067313
0,-37.53200171,-161.4804264,0,6.83454244,-17.49979147
0,-37.48284429,-161.627197,0,5.94742981,-17.19826179
0,-37.4598549,-161.7880636,0,5.06773426,-16.87032259
0,-37.46245001,-161.97039,0,4.19501179,-16.50986128
0,-37.48860567,-162.1579722,0,3.32565705,-16.13292303
0,-37.52579795,-162.3784801,0,2.44978981,-15.68517615
0,-37.56012411,-162.6290537,0,1.56596872,-15.17188381
0,-37.57372348,-162.9199341,0,0.6613193,-14.56359054
0,-37.54989526,-163.2911586,0,-0.2577823,-13.81444515
0,-37.4680727,-163.7231141,0,-1.18974577,-12.94416428
0,-37.32282193,-164.1963634,0,-2.12289887,-12.00109722
0,-37.13133059,-164.6564572,0,-3.03848515,-11.07927319
0,-36.91927519,-165.0365798,0,-3.91537238,-10.3016805
0,-36.71037698,-165.240608,0,-4.73977474,-9.819533503
0,-36.51597738,-165.2369413,0,-5.51049523,-9.697075814
0,-36.33767236,-165.0691668,0,-6.23662507,-9.866326587
0,-36.17380991,-164.8221677,0,-6.92969148,-10.17789218
0,-36.02076737,-164.5347829,0,-7.60047113,-10.5688307
0,-35.87573359,-164.2565596,0,-8.25371995,-10.94504372
0,-35.73226315,-164.0400242,0,-8.91121575,-11.22357039
0,-35.59001973,-163.9079362,0,-9.57447761,-11.36923482
0,-35.44452338,-163.8734951,0,-10.25410002,-11.34999909
0,-35.29300923,-163.902983,0,-10.9517148,-11.223845
0,-35.13315101,-163.9802758,0,-11.66079373,-11.00972708
0,-34.96709779,-164.0791256,0,-12.36515407,-10.75301005
0,-34.79533564,-164.1763238,0,-13.04787176,-10.51378305
0,-34.62125611,-164.2515522,0,-13.70204841,-10.32751544
0,-34.44992922,-164.3044552,0,-14.32404011,-10.19317917
0,-34.28141778,-164.3535494,0,-14.91551198,-10.066543
0,-34.11776727,-164.3937281,0,-15.47771211,-9.960773465
0,-33.95612453,-164.4179991,0,-16.0191997,-9.892028832
0,-33.80191234,-164.4245664,0,-16.53958711,-9.854757161
0,-33.65613973,-164.4315747,0,-17.04391177,-9.826008932
0,-33.51590809,-164.4309998,0,-17.53632211,-9.830290959
0,-33.38065802,-164.4414854,0,-18.01889165,-9.801590855
0,-33.2500462,-164.4601531,0,-18.49446941,-9.768323198
0,-33.11925575,-164.503735,0,-18.96588632,-9.698164872
0,-32.99048902,-164.5783533,0,-19.43092003,-9.572202862
0,-32.85727388,-164.6601562,0,-19.89001691,-9.445429812
0,-32.72239396,-164.7602726,0,-20.34183327,-9.292849718
0,-32.58642232,-164.8478618,0,-20.78070845,-9.158473712
0,-32.45724144,-164.945759,0,-21.19914317,-9.019895224
0,-32.33312774,-165.0364589,0,-21.5906243,-8.904323333
0,-32.21872014,-165.1311346,0,-21.95578904,-8.80280439
0,-32.11379082,-165.2311635,0,-22.29489628,-8.719646589
0,-32.01884847,-165.3333705,0,-22.61247229,-8.646634523
0,-31.9291334,-165.4426624,0,-22.92138789,-8.566240607
0,-31.84167615,-165.5242458,0,-23.22607351,-8.541343763
0,-31.74757809,-165.5859215,0,-23.52285702,-8.543676799
0,-31.64978468,-165.6304658,0,-23.80095407,-8.571308179
0,-31.55551973,-165.6584215,0,-24.04602392,-8.63163791
0,-31.47368053,-165.6855327,0,-24.24419407,-8.68275399
0,-31.41327224,-165.7189303,0,-24.37993822,-8.723038888
0,-31.38292513,-165.7765471,0,-24.44165015,-8.716574574
0,-31.38533475,-165.8386559,0,-24.43625338,-8.680028311
0,-31.42246278,-165.8998756,0,-24.36646445,-8.622574231
0,-31.48960187,-165.9755705,0,-24.24289963,-8.508967821
0,-31.57426085,-166.0186243,0,-24.07838244,-8.412798791
0,-31.67199392,-166.0139802,0,-23.8834451,-8.358234178
0,-31.77742704,-165.9786336,0,-23.66646949,-8.326285196
0,-31.88749828,-165.9146776,0,-23.43199291,-8.320917084
0,-32.00021517,-165.833643,0,-23.18798934,-8.333147309
0,-32.1169614,-165.7534931,0,-22.93647066,-8.346510756
0,-32.23716262,-165.68495,0,-22.67492425,-8.340985699
0,-32.35864088,-165.5973437,0,-22.39456404,-8.365240585
0,-32.47823105,-165.5022066,0,-22.09680645,-8.403529184
0,-32.60116655,-165.399359,0,-21.78068919,-8.451515097
0,-32.72676958,-165.307066,0,-21.44483326,-8.483582112
0,-32.8560556,-165.2232261,0,-21.08797181,-8.494487156
0,-32.98466978,-165.1365707,0,-20.7048289,-8.516696899
0,-33.10384095,-165.0528094,0,-20.29715157,-8.543873692
0,-33.20970231,-164.9448005,0,-19.87159224,-8.623614915
0,-33.30248544,-164.8029692,0,-19.43302156,-8.786786885
0,-33.38626748,-164.6552866,0,-18.97775236,-8.982933466
0,-33.46959534,-164.5139762,0,-18.49206842,-9.192593946
0,-33.56111932,-164.4105809,0,-17.96407735,-9.352053799
0,-33.66591368,-164.3498152,0,-17.38629686,-9.468349494
0,-33.78837175,-164.3238865,0,-16.75776395,-9.534155609
0,-33.92826341,-164.3448036,0,-16.07968359,-9.529978892
0,-34.081795,-164.3920281,0,-15.35811983,-9.50518435
0,-34.23995524,-164.4409283,0,-14.59513698,-9.486944581
0,-34.39466241,-164.4845236,0,-13.79365888,-9.500312402
0,-34.54551479,-164.510501,0,-12.9529337,-9.562152528
0,-34.69319758,-164.5210526,0,-12.06595428,-9.668671288
0,-34.83961303,-164.5120997,0,-11.12441791,-9.825219296
0,-34.98908922,-164.5350234,0,-10.12125458,-9.972761846
0,-35.13896819,-164.5451249,0,-9.05634647,-10.15266821
0,-35.29511778,-164.564573,0,-7.93055834,-10.33679325
0,-35.46294767,-164.6027478,0,-6.74732831,-10.49606122
0,-35.64229386,-164.6503086,0,-5.51021578,-10.66088107
0,-35.83028083,-164.7078399,0,-4.21603163,-10.84343919
0,-36.02425295,-164.7770173,0,-2.86763793,-11.03045853
0,-36.21936772,-164.8274501,0,-1.46987475,-11.26650868
0,-36.4041426,-164.8608852,0,-0.04072789,-11.53624083
0,-36.57508803,-164.8482783,0,1.41300814,-11.87726681
0,-36.75045506,-164.8142801,0,2.89353463,-12.24984339
0,-36.93591241,-164.7797994,0,4.40015209,-12.61828531
0,-37.11690088,-164.7340219,0,5.92127305,-12.9821118
0,-37.28419337,-164.6901935,0,7.44627484,-13.32807806
0,-37.43263688,-164.6523302,0,8.96506663,-13.65666314
0,-37.56154825,-164.6100877,0,10.47003704,-13.98149004
0,-37.67426227,-164.563759,0,11.96298542,-14.3197141
0,-37.77103506,-164.4976426,0,13.45628223,-14.70525214
0,-37.83896921,-164.430964,0,14.94697518,-15.09545983
0,-37.87082707,-164.3462542,0,16.42521798,-15.50861527
0,-37.87229639,-164.248753,0,17.88213447,-15.92378755
0,-37.85690007,-164.129874,0,19.32130703,-16.36283039
0,-37.82642893,-163.9831659,0,20.74452104,-16.83804623
0,-37.78437152,-163.8147644,0,22.14844246,-17.34313068
0,-37.72420043,-163.6142074,0,23.52552932,-17.88391887
0,-37.64171483,-163.3831744,0,24.86543042,-18.46312953
0,-37.52879798,-163.0869093,0,26.14578716,-19.11576365
0,-37.41268507,-162.7735902,0,27.40536425,-19.76906609
0,-37.33729427,-162.6073364,0,28.6848223,-20.19330009
0,-37.31544935,-162.6318118,0,29.98566526,-20.34875517
0,-37.33461762,-162.6784141,0,31.2929807,-20.48706749
0,-37.35180966,-162.6631996,0,32.5819329,-20.7185036
0,-37.34872327,-162.6114198,0,33.8374756,-20.97242668
0,-37.34400394,-162.5679727,0,35.07830801,-21.20578345
0,-37.34673634,-162.4994367,0,36.28538861,-21.46674184
0,-37.34877316,-162.4493949,0,37.43551133,-21.70114294
0,-37.34342258,-162.4165635,0,38.53004826,-21.91808944
0,-37.32615437,-162.3885939,0,39.59382333,-22.12722674
0,-37.29420498,-162.3475877,0,40.64426045,-22.34403296
0,-37.25765501,-162.2601799,0,41.69542422,-22.63024285
0,-37.22011817,-162.1291376,0,42.74286402,-22.9800488
0,-37.1895251,-162.0207554,0,43.79771397,-23.31190979
0,-37.16751216,-161.9496016,0,44.84101783,-23.61477643
0,-37.14697586,-161.8976635,0,45.85623246,-23.90425937
0,-37.12736645,-161.8632171,0,46.83896529,-24.1789896
0,-37.13442658,-161.8386966,0,47.80358186,-24.44321516
0,-37.14491565,-161.7797824,0,48.7257291,-24.75253263
0,-37.17307723,-161.7097378,0,49.62894773,-25.07231358
0,-37.20511395,-161.6352409,0,50.50485574,-25.40045708
0,-37.2250354,-161.5320309,0,51.34814472,-25.7630948
0,-37.2387274,-161.4542167,0,52.16291588,-26.08889214
0,-37.24612531,-161.416892,0,52.93911984,-26.3537424
0,-37.26050807,-161.4045995,0,53.69391876,-26.59188915
0,-37.27581517,-161.3833859,0,54.42635998,-26.84040599
0,-37.29152986,-161.3330501,0,55.13578318,-27.12632912
0,-37.30705789,-161.2748032,0,55.81446312,-27.43092469
0,-37.33101982,-161.2098055,0,56.4562107,-27.73635294
0,-37.36932,-161.1632577,0,57.08545361,-28.0142547
0,-37.39828873,-161.1558555,0,57.68977839,-28.22979939
0,-37.41521377,-161.1827314,0,58.27941285,-28.39532242
0,-37.41388355,-161.2089891,0,58.8465336,-28.54651697
0,-37.39812864,-161.2062381,0,59.40302679,-28.73793597
0,-37.37308227,-161.1971953,0,59.95064881,-28.93852804
0,-37.34723641,-161.197329,0,60.49406455,-29.12572772
0,-37.33149049,-161.1687048,0,61.0376517,-29.35927256
0,-37.32772389,-161.1603086,0,61.58207069,-29.56367719
0,-37.32285496,-161.1445705,0,62.10076376,-29.7624459
0,-37.31237285,-161.0902544,0,62.5740352,-30.00422651
0,-37.3067089,-161.0132091,0,63.00963106,-30.25013018
0,-37.30723282,-160.9579832,0,63.40844385,-30.43687271
0,-37.31931194,-160.9268579,0,63.77490411,-30.57002926
0,-37.34511309,-160.8684933,0,64.10914924,-30.72364794
0,-37.37783043,-160.8118114,0,64.39432771,-30.84104862
0,-37.41214804,-160.7527245,0,64.61769972,-30.93151088
0,-37.44907004,-160.7256683,0,64.78117454,-30.95643699
0,-37.48518659,-160.6969253,0,64.88093357,-30.95826394
0,-37.51789784,-160.6546705,0,64.90800559,-30.94613132
0,-37.55104357,-160.6037976,0,64.86628623,-30.91658819
0,-37.58421686,-160.537084,0,64.76351492,-30.88319729
0,-37.63076735,-160.4945462,0,64.61660446,-30.8086584
0,-37.68813917,-160.4734543,0,64.42224674,-30.70246085
0,-37.7512042,-160.4873023,0,64.1684631,-30.53586399
0,-37.81820796,-160.4909391,0,63.8568593,-30.36367251
0,-37.87475275,-160.4884827,0,63.46929885,-30.17909664
0,-37.91810036,-160.4694,0,63.00045089,-29.99572903
0,-37.95308794,-160.4645074,0,62.46267818,-29.78111608
0,-37.97550311,-160.4600021,0,61.86397371,-29.5581692
0,-37.98896382,-160.4688747,0,61.22452247,-29.32646887
0,-37.97967683,-160.4848056,0,60.54413298,-29.09539604
0,-37.9480501,-160.5032116,0,59.83287451,-28.87222853
0,-37.89515322,-160.536205,0,59.08998512,-28.63608132
0,-37.84181407,-160.5775607,0,58.32162915,-28.388137
0,-37.79026656,-160.6398046,0,57.52056704,-28.1000939
0,-37.74297038,-160.7001715,0,56.68236544,-27.81132978
0,-37.70157399,-160.7907468,0,55.80587504,-27.4780655
0,-37.66072076,-160.9022822,0,54.89036535,-27.11390878
0,-37.61892131,-160.9654634,0,53.95173089,-26.81750784
0,-37.58214773,-161.0108829,0,53.03287976,-26.54931383
0,-37.55522532,-161.0439361,0,52.16514725,-26.3266868
0,-37.54035658,-161.0880771,0,51.3553957,-26.12042031
0,-37.53145847,-161.15329,0,50.57627275,-25.90013829
0,-37.51279117,-161.2564879,0,49.78014672,-25.61742803
0,-37.48279982,-161.3856862,0,48.94199691,-25.2903345
0,-37.45028954,-161.5368155,0,48.05161801,-24.92036237
0,-37.41545928,-161.6567919,0,47.10739599,-24.59097443
0,-37.39082637,-161.712485,0,46.12716493,-24.35704598
0,-37.38466361,-161.7137646,0,45.13899773,-24.20501545
0,-37.40306126,-161.6780702,0,44.19574719,-24.11623686
0,-37.45511886,-161.6445985,0,43.33877277,-24.05159096
0,-37.54312499,-161.662793,0,42.55735065,-23.93813705
0,-37.66639982,-161.7336754,0,41.82565881,-23.75248923
0,-37.79092529,-161.8358148,0,41.07997821,-23.50762376
0,-37.89899821,-161.969944,0,40.27947762,-23.20273856
0,-37.97457199,-162.1092904,0,39.40148648,-22.87462391
0,-38.0161179,-162.2197148,0,38.45113062,-22.57058855
0,-38.02306566,-162.2676611,0,37.45549569,-22.34551536
0,-38.01084934,-162.252501,0,36.46139924,-22.21510202
0,-38.0080707,-162.2183809,0,35.51118998,-22.13642414
0,-38.04225244,-162.1892857,0,34.62394954,-22.09172337
0,-38.11748924,-162.1695168,0,33.78208188,-22.0688369
0,-38.21558351,-162.1795023,0,32.94941156,-22.01409397
0,-38.33116571,-162.1994809,0,32.10097631,-21.94130539
0,-38.45054471,-162.2089823,0,31.21389717,-21.87608108
0,-38.55474768,-162.208981,0,30.27583764,-21.80751894
0,-38.6304135,-162.1875004,0,29.28863644,-21.75596609
0,-38.67088095,-162.1340512,0,28.26895731,-21.74677472
0,-38.6828938,-162.065846,0,27.25430556,-21.76065392
0,-38.68138228,-162.0015561,0,26.27481718,-21.77995313
0,-38.67835979,-161.9846049,0,25.34481487,-21.75279845
0,-38.68711249,-161.9942896,0,24.45854007,-21.70748468
0,-38.71118473,-162.0288351,0,23.59431889,-21.64150917
0,-38.75004145,-162.0665433,0,22.73422494,-21.56809929
0,-38.80331108,-162.1036576,0,21.86785854,-21.48745887
0,-38.86449761,-162.1227018,0,20.98453395,-21.43220704
0,-38.92637143,-162.1184052,0,20.08909476,-21.4029675
0,-38.9921495,-162.097204,0,19.21168286,-21.400619
0,-39.05966431,-162.0665462,0,18.37681888,-21.41091088
0,-39.13537257,-162.0381979,0,17.58137204,-21.41008679
0,-39.21530813,-162.0308155,0,16.81563044,-21.38865397
0,-39.29435044,-162.0644324,0,16.05452963,-21.29730238
0,-39.36249983,-162.1224747,0,15.28026641,-21.16110933
0,-39.41186721,-162.211509,0,14.47752129,-20.95504539
0,-39.4385187,-162.3009897,0,13.64811821,-20.72851695
0,-39.44846503,-162.397357,0,12.79651765,-20.48001548
0,-39.44655807,-162.4848614,0,11.93817562,-20.23733468
0,-39.44184993,-162.5619858,0,11.09540797,-20.01767029
0,-39.44527352,-162.6425025,0,10.2829257,-19.79457984
0,-39.46092808,-162.7311479,0,9.50200941,-19.55102497
0,-39.48394859,-162.8196951,0,8.73390214,-19.29849764
0,-39.50893607,-162.9171234,0,7.96433286,-19.01740453
0,-39.52567119,-163.0134795,0,7.18260684,-18.71631303
0,-39.5332593,-163.1332583,0,6.38963543,-18.35852047
0,-39.52788564,-163.277628,0,5.593221,-17.95626913
0,-39.50971735,-163.4503273,0,4.7941757,-17.49421851
0,-39.47433878,-163.6490035,0,4.00100723,-17.00446942
0,-39.42116752,-163.8885524,0,3.21700062,-16.44852143
0,-39.34450122,-164.1655375,0,2.45571244,-15.83498913
0,-39.24313608,-164.4782122,0,1.71145563,-15.14563523
0,-39.13041507,-164.8116198,0,0.98555414,-14.40445315
0,-39.02194048,-165.1397775,0,0.27510779,-13.67752125
0,-38.93002307,-165.4398705,0,-0.42657881,-12.98720252
0,-38.85275764,-165.7217774,0,-1.12844418,-12.3257804
0,-38.77768,-165.9623253,0,-1.84505657,-11.73492508
0,-38.69083873,-166.0656423,0,-2.58494417,-11.38121466
0,-38.58097468,-165.9305032,0,-3.34219474,-11.44415868
0,-38.44436573,-165.6573782,0,-4.09163072,-11.7614769
0,-38.29912366,-165.3895954,0,-4.80314364,-12.05502675
0,-38.16085278,-165.1974455,0,-5.47424586,-12.19426436
0,-38.0347628,-165.0927532,0,-6.11632674,-12.17507216
0,-37.92142015,-165.051141,0,-6.73881524,-12.04660233
0,-37.81816186,-165.0186052,0,-7.34819661,-11.91890974
0,-37.71528935,-164.9376379,0,-7.94572748,-11.89090122
0,-37.60048427,-164.8119144,0,-8.5344329,-11.95296501
0,-37.4721686,-164.6455558,0,-9.10859106,-12.06979988
0,-37.3354624,-164.4463508,0,-9.66015663,-12.23498092
0,-37.19094795,-164.2438567,0,-10.18810014,-12.39650612
0,-37.05437768,-164.0569346,0,-10.68381633,-12.52737345
0,-36.93420383,-163.918811,0,-11.14231,-12.57618259
0,-36.83211588,-163.8137289,0,-11.56048729,-12.57218275
0,-36.75129632,-163.7282547,0,-11.93385555,-12.54611448
0,-36.69127541,-163.6534984,0,-12.25649855,-12.49751441
0,-36.64582688,-163.5734599,0,-12.53280949,-12.46581573
0,-36.60987679,-163.4620078,0,-12.7648782,-12.49149727
0,-36.57779795,-163.3208177,0,-12.95367125,-12.56981781
0,-36.54599121,-163.1572674,0,-13.09641151,-12.69731319
0,-36.51659541,-162.981893,0,-13.19180086,-12.85080259
0,-36.49737498,-162.8227889,0,-13.24005059,-12.98154382
0,-36.4940559,-162.6853273,0,-13.23962057,-13.07568986
0,-36.50246541,-162.5547489,0,-13.19975554,-13.16917071
0,-36.52159792,-162.4159887,0,-13.12003556,-13.2843532
0,-36.55124171,-162.2677334,0,-12.9916687,-13.42267808
0,-36.59133108,-162.1277105,0,-12.80680488,-13.56297211
0,-36.6438268,-162.0048138,0,-12.56576348,-13.68138865
0,-36.71179908,-161.9136668,0,-12.26637952,-13.76333606
0,-36.7904444,-161.833791,0,-11.90467568,-13.84005123
0,-36.87414163,-161.7514336,0,-11.48598319,-13.93539518
0,-36.95888129,-161.6698819,0,-11.01814413,-14.03029815
0,-37.04290007,-161.5728854,0,-10.51296463,-14.16169336
0,-37.13058432,-161.4734745,0,-9.97630785,-14.29071833
0,-37.22775326,-161.3820894,0,-9.40572088,-14.41349001
0,-37.33264259,-161.3046369,0,-8.79919007,-14.52971471
0,-37.44414799,-161.254394,0,-8.15353469,-14.60929905
0,-37.5560362,-161.2201906,0,-7.4702842,-14.68173949
0,-37.66534219,-161.2128879,0,-6.74381041,-14.72846492
0,-37.77586032,-161.2419302,0,-5.97371609,-14.73747707
0,-37.88899116,-161.2711567,0,-5.16335143,-14.76038978
0,-38.00158737,-161.3195875,0,-4.31694994,-14.7556918
0,-38.11255957,-161.3775681,0,-3.44253297,-14.7510653
0,-38.21622251,-161.4254615,0,-2.54055735,-14.76490849
0,-38.31051096,-161.4496518,0,-1.6139263,-14.82171361
0,-38.3991344,-161.4414905,0,-0.66532099,-14.93623766
0,-38.48374,-161.4148768,0,0.30805922,-15.07790036
0,-38.56303979,-161.3640019,0,1.31382538,-15.26456784
0,-38.63487407,-161.2847579,0,2.35394499,-15.5072876
0,-38.69365416,-161.1777892,0,3.4336942,-15.80310282
0,-38.73734644,-161.0369079,0,4.54127666,-16.1477235
0,-38.76605813,-160.8780302,0,5.67243236,-16.52422603
0,-38.78088009,-160.7164531,0,6.82487637,-16.9026445
0,-38.7813148,-160.5683824,0,7.98780317,-17.25624929
0,-38.76647359,-160.4377198,0,9.14976157,-17.58725378
0,-38.73510255,-160.3162666,0,10.29709425,-17.88363776
0,-38.69631435,-160.206914,0,11.43644411,-18.1608459
0,-38.65785376,-160.1057305,0,12.56869263,-18.40634761
0,-38.62250168,-160.0060781,0,13.69942713,-18.64347809
0,-38.59263417,-159.9170754,0,14.82763827,-18.83694988
0,-38.5696967,-159.8405358,0,15.96068613,-19.00155732
0,-38.54436373,-159.7697917,0,17.09026272,-19.14296146
0,-38.50984288,-159.7010428,0,18.20501725,-19.26243661
0,-38.46236371,-159.6302385,0,19.30416706,-19.384505
0,-38.40433451,-159.5500368,0,20.38462679,-19.52097297
0,-38.35076797,-159.4741602,0,21.44379083,-19.65733352
0,-38.30841343,-159.3819991,0,22.48171682,-19.82898312
0,-38.28968211,-159.3158315,0,23.49685763,-19.96789034
0,-38.29327366,-159.2747759,0,24.49422122,-20.07628558
0,-38.29940555,-159.2324023,0,25.46295897,-20.1726674
0,-38.30541561,-159.1758124,0,26.41594564,-20.28395727
0,-38.29794434,-159.0862197,0,27.34880426,-20.42617743
0,-38.28408604,-158.9837157,0,28.27406649,-20.58732195
0,-38.27036762,-158.8695147,0,29.19633886,-20.77112657
0,-38.26044358,-158.7741064,0,30.11366678,-20.93461614
0,-38.26072962,-158.6854198,0,31.02347893,-21.09738689
0,-38.27917569,-158.6049077,0,31.93047288,-21.25369747
0,-38.31326345,-158.543969,0,32.83426325,-21.39657944
0,-38.35103289,-158.4715463,0,33.72542525,-21.56564932
0,-38.387217,-158.3844679,0,34.59556751,-21.74560456
0,-38.41202654,-158.2831065,0,35.44148567,-21.95071065
0,-38.43163437,-158.1643058,0,36.27085102,-22.17942777
0,-38.43326328,-158.0514736,0,37.0814308,-22.40078032
0,-38.41743025,-157.9495084,0,37.87547793,-22.604159
0,-38.38497009,-157.8732862,0,38.65174235,-22.76526113
0,-38.34620682,-157.8084126,0,39.41546311,-22.9068359
0,-38.30519535,-157.7482628,0,40.16778658,-23.04167654
0,-38.27268081,-157.6875311,0,40.90728807,-23.17716573
0,-38.24645181,-157.6034628,0,41.63358173,-23.35213386
0,-38.22132142,-157.5196193,0,42.34633109,-23.52573197
0,-38.18783198,-157.4488914,0,43.04522775,-23.68881775
0,-38.15233823,-157.3943225,0,43.73356952,-23.82874507
0,-38.10454316,-157.3395591,0,44.40411687,-23.97301187
0,-38.05081993,-157.2821723,0,45.06589205,-24.11970942
0,-37.98810433,-157.2255763,0,45.71867978,-24.27669788
0,-37.91421134,-157.171357,0,46.36871032,-24.44123301
0,-37.83622237,-157.1261196,0,47.02365319,-24.60175889
0,-37.75937367,-157.0929397,0,47.68001995,-24.7450874
0,-37.68643744,-157.0503172,0,48.32607888,-24.90589591
0,-37.61861781,-156.9963078,0,48.94148063,-25.08854846
0,-37.55054586,-156.9254009,0,49.51018885,-25.29396568
0,-37.4940597,-156.869265,0,50.04700902,-25.47935946
0,-37.45377418,-156.81401,0,50.56689392,-25.65460522
0,-37.41544768,-156.7420516,0,51.0708521,-25.8532708
0,-37.38107893,-156.6721832,0,51.56546164,-26.04315367
0,-37.34843876,-156.5975677,0,52.05792489,-26.24181641
0,-37.30917407,-156.5258639,0,52.54332439,-26.43640178
0,-37.26746052,-156.4831126,0,53.02483051,-26.59816379
0,-37.2192086,-156.4601078,0,53.49077485,-26.74182984
0,-37.16327183,-156.4386266,0,53.92913471,-26.88361503
0,-37.10081575,-156.4431525,0,54.32882154,-26.98544406
0,-37.03174727,-156.4261819,0,54.67885517,-27.11879651
0,-36.95884851,-156.4122531,0,54.97484075,-27.23419865
0,-36.88372261,-156.3971858,0,55.2190259,-27.34095308
0,-36.81507006,-156.3960077,0,55.42643045,-27.42272779
0,-36.7553205,-156.3870294,0,55.59846329,-27.49999713
0,-36.69290159,-156.3891604,0,55.73068066,-27.54512254
0,-36.63458111,-156.3990274,0,55.8481792,-27.56960059
0,-36.58221495,-156.4254366,0,55.94953587,-27.56220226
0,-36.53171288,-156.4596825,0,56.02772653,-27.54223995
0,-36.48635122,-156.4869688,0,56.07972273,-27.51888177
0,-36.44775077,-156.5454201,0,56.10124944,-27.4350771
0,-36.4235163,-156.572126,0,56.08893427,-27.38496337
0,-36.41196121,-156.6027735,0,56.03229244,-27.31536961
0,-36.41457738,-156.6223635,0,55.92745037,-27.24718063
0,-36.42380366,-156.6451908,0,55.76340046,-27.15158805
0,-36.43606226,-156.6595724,0,55.54276064,-27.04854484
0,-36.45216319,-156.6729535,0,55.27686981,-26.92755975
0,-36.46810906,-156.6743747,0,54.97288594,-26.81382962
0,-36.48407747,-156.6906125,0,54.64478473,-26.67496868
0,-36.49549448,-156.7154772,0,54.30011984,-26.51211709
0,-36.50052896,-156.7411783,0,53.93695151,-26.34374547
0,-36.49390744,-156.7746309,0,53.53749702,-26.15626149
0,-36.48445236,-156.8186487,0,53.10528485,-25.94803708
0,-36.4768758,-156.8772779,0,52.63955575,-25.71910003
0,-36.47525926,-156.9379275,0,52.1364351,-25.48766467
0,-36.48657651,-156.9943466,0,51.59331744,-25.2592659
0,-36.51280839,-157.0266527,0,51.00354559,-25.0576155
0,-36.55683282,-157.0488567,0,50.37871651,-24.87001684
0,-36.61758131,-157.0850459,0,49.74154284,-24.67299632
0,-36.68421567,-157.1241739,0,49.11514424,-24.48285731
0,-36.73747732,-157.1690897,0,48.50390454,-24.28500399
0,-36.76409884,-157.1846251,0,47.89174368,-24.11887924
0,-36.7698208,-157.1985824,0,47.26892602,-23.95565484
0,-36.76471076,-157.2735263,0,46.62492202,-23.71337732
0,-36.75523181,-157.3918944,0,45.95036647,-23.42224713
0,-36.75173305,-157.5267137,0,45.23976392,-23.10459548
0,-36.7603756,-157.6386992,0,44.48841768,-22.82121641
0,-36.78967252,-157.717411,0,43.69074954,-22.58118126
0,-36.84659395,-157.77032,0,42.85110789,-22.38846254
0,-36.92428715,-157.7879515,0,41.97707627,-22.26204252
0,-37.01649973,-157.7971651,0,41.0937031,-22.17321239
0,-37.12782319,-157.8014502,0,40.23997136,-22.11426135
0,-37.24280671,-157.8090358,0,39.416933,-22.06159617
0,-37.35688516,-157.8352396,0,38.6188304,-21.99078952
0,-37.45771029,-157.8783724,0,37.82470234,-21.89947555
0,-37.55252883,-157.9436412,0,37.02013224,-21.78154025
0,-37.63514826,-158.0000832,0,36.1865518,-21.67152105
0,-37.7216881,-158.0568427,0,35.33273539,-21.56748476
0,-37.81515804,-158.0942463,0,34.45307818,-21.50447055
0,-37.91205326,-158.1089489,0,33.54581814,-21.47940049
0,-38.01611557,-158.0802081,0,32.62642044,-21.53567627
0,-38.13395607,-158.0313185,0,31.72501059,-21.64387336
0,-38.26682112,-157.9833646,0,30.86324036,-21.7748164
0,-38.42850964,-157.9314941,0,30.0532005,-21.91878631
0,-38.61019446,-157.8831803,0,29.28899703,-22.06787122
0,-38.80136602,-157.8520231,0,28.5481722,-22.18740701
0,-38.99637794,-157.8433196,0,27.80607644,-22.2737491
0,-39.19090576,-157.8555211,0,27.05075199,-22.32394064
0,-39.3780897,-157.8608821,0,26.26399911,-22.38198583
0,-39.5582378,-157.8670101,0,25.44674959,-22.43236542
0,-39.72216434,-157.8672086,0,24.6084062,-22.49650324
0,-39.87421457,-157.8384483,0,23.77609837,-22.61201663
0,-40.01853615,-157.8010726,0,22.98294723,-22.74171105
0,-40.16361279,-157.7756663,0,22.24634991,-22.85837814
0,-40.31579011,-157.790847,0,21.56274658,-22.91391199
0,-40.471719,-157.8463761,0,20.91223069,-22.90541214
0,-40.62010874,-157.9449328,0,20.25875209,-22.82198474
0,-40.75746296,-158.0771304,0,19.58141136,-22.67599555
0,-40.89078838,-158.250801,0,18.87327437,-22.44697479
0,-41.01937406,-158.438047,0,18.13599827,-22.17355223
0,-41.14270242,-158.6274074,0,17.38149347,-21.89394419
0,-41.25574704,-158.7963018,0,16.62677101,-21.63840476
0,-41.36467127,-158.9503716,0,15.89822332,-21.39766156
0,-41.48041265,-159.0875654,0,15.21483139,-21.16971049
0,-41.60392357,-159.2271505,0,14.57873475,-20.92795579
0,-41.73467973,-159.3620696,0,13.98034469,-20.66857039
0,-41.86940572,-159.4914167,0,13.40666574,-20.40104299
0,-42.01013098,-159.6085874,0,12.85184687,-20.12587109
0,-42.16056401,-159.7294604,0,12.3097354,-19.81415012
0,-42.30811763,-159.8383502,0,11.77919951,-19.51064253
0,-42.44744497,-159.9407964,0,11.25564554,-19.19630507
0,-42.57177818,-160.0376052,0,10.74193319,-18.87310778
0,-42.67220724,-160.1443407,0,10.2503238,-18.54178106
0,-42.74789771,-160.2606243,0,9.7902038,-18.18888302
0,-42.80035536,-160.4046643,0,9.36435077,-17.78067163
0,-42.82303618,-160.5821157,0,8.96166788,-17.30113154
0,-42.81370019,-160.7947382,0,8.57556519,-16.74216678
0,-42.7753523,-161.0397424,0,8.19793803,-16.1200234
0,-42.72729361,-161.3012155,0,7.82810925,-15.48526744
0,-42.68928757,-161.5022388,0,7.45369594,-14.9722911
0,-42.67581092,-161.5322279,0,7.0693672,-14.78769456
0,-42.67337893,-161.4438191,0,6.67720294,-14.83477703
0,-42.65935841,-161.3563754,0,6.2842038,-14.86499662
0,-42.62237656,-161.3141408,0,5.90096584,-14.81675802
0,-42.56541655,-161.2996283,0,5.52301427,-14.71611529
0,-42.50303723,-161.3029119,0,5.14486881,-14.59376225
0,-42.44746518,-161.2936508,0,4.76396285,-14.48811629
0,-42.3961856,-161.2701091,0,4.38140977,-14.42041865
0,-42.34629009,-161.2508511,0,3.99778345,-14.35296178
0,-42.29256163,-161.2222282,0,3.61379327,-14.29897152
0,-42.23918467,-161.1942879,0,3.23482378,-14.26104537
0,-42.17307411,-161.1469153,0,2.86457826,-14.25871678
0,-42.09490704,-161.0624497,0,2.51370798,-14.34357847
0,-42.00983002,-160.9869271,0,2.18232386,-14.43521714
0,-41.91636093,-160.916575,0,1.8628786,-14.50336398
0,-41.82222397,-160.8560278,0,1.5520014,-14.55808372
0,-41.73062559,-160.7991281,0,1.23912121,-14.6062247
0,-41.6430571,-160.7629111,0,0.91453637,-14.629669
0,-41.54456802,-160.7349628,0,0.57249444,-14.63368933
0,-41.43245805,-160.7010299,0,0.21317729,-14.6305819
0,-41.31079454,-160.6358646,0,-0.15000481,-14.67794436
0,-41.17859644,-160.5562577,0,-0.51766921,-14.74162877
0,-41.04062305,-160.4523383,0,-0.89210384,-14.84858334
0,-40.90051906,-160.3578615,0,-1.26721552,-14.94785004
0,-40.76127866,-160.2840249,0,-1.64268084,-15.03075582
0,-40.62500409,-160.2365195,0,-2.01445618,-15.07858475
0,-40.49520566,-160.1903926,0,-2.37917971,-15.13495782
0,-40.37661019,-160.1362575,0,-2.72806181,-15.1848028
0,-40.2700991,-160.0842397,0,-3.05477519,-15.22478495
0,-40.1754977,-160.0154849,0,-3.35680889,-15.28914358
0,-40.08818156,-159.9697124,0,-3.63266033,-15.31154113
0,-40.00409303,-159.9122358,0,-3.88238378,-15.35292143
0,-39.92088701,-159.8483747,0,-4.1097516,-15.39939231
0,-39.8407305,-159.788293,0,-4.31333451,-15.43819565
0,-39.7643285,-159.7326303,0,-4.48904672,-15.47917661
0,-39.69364197,-159.6950891,0,-4.63152274,-15.50061336
0,-39.63097366,-159.676018,0,-4.73704015,-15.49757576
0,-39.57704235,-159.6579024,0,-4.79756489,-15.50564416
0,-39.53209152,-159.6439168,0,-4.81039499,-15.52054355
0,-39.50095004,-159.641281,0,-4.7753585,-15.51994351
0,-39.48247971,-159.635192,0,-4.69491528,-15.52915871
0,-39.47445411,-159.6286202,0,-4.5723159,-15.53807872
0,-39.47673494,-159.6255897,0,-4.41021045,-15.54200353
0,-39.48480152,-159.6242879,0,-4.21136181,-15.54020835
0,-39.49649912,-159.6265495,0,-3.97560702,-15.53160479
0,-39.51023137,-159.6172905,0,-3.70338266,-15.5436728
0,-39.52955677,-159.6202142,0,-3.3901363,-15.5410595
0,-39.55609604,-159.6360111,0,-3.03046417,-15.5216749
0,-39.59379276,-159.6644584,0,-2.625687,-15.48438264
0,-39.641444,-159.7109976,0,-2.17550168,-15.41726364
0,-39.69773901,-159.7598993,0,-1.68629041,-15.35708092
0,-39.75732401,-159.806262,0,-1.1708988,-15.30188365
0,-39.8095169,-159.8561339,0,-0.64097878,-15.23051934
0,-39.84408688,-159.872377,0,-0.0940406,-15.20989815
0,-39.86520694,-159.8817475,0,0.4721792,-15.1880513
0,-39.87462725,-159.8785904,0,1.06763959,-15.18383984
0,-39.88004594,-159.8952336,0,1.69677495,-15.14220569
0,-39.8841596,-159.9426803,0,2.36857375,-15.06712563
0,-39.88981264,-160.0065679,0,3.09197899,-14.97826845
0,-39.89959154,-160.0937597,0,3.87352653,-14.86750647
0,-39.91126881,-160.2009426,0,4.71012034,-14.74168099
0,-39.92632888,-160.3199663,0,5.59862939,-14.6163203
0,-39.93934191,-160.4572297,0,6.5375686,-14.46469996
0,-39.94606323,-160.5852799,0,7.5225965,-14.31844787
0,-39.9386765,-160.7148352,0,8.55192996,-14.16922776
0,-39.91539745,-160.8413886,0,9.61341841,-14.0146455
0,-39.86919642,-160.9379846,0,10.69122814,-13.89170292
0,-39.80819593,-160.9745743,0,11.78188045,-13.86243271
0,-39.7379587,-160.9646842,0,12.8868692,-13.91340076
0,-39.66111622,-160.9394389,0,14.00714018,-13.99435241
0,-39.57912649,-160.9359276,0,15.12995193,-14.03027715
0,-39.50593483,-160.9856264,0,16.26148095,-13.97780175
0,-39.44316763,-161.0445071,0,17.39458478,-13.8965416
0,-39.39413603,-161.1001244,0,18.52868989,-13.81592217
0,-39.35089216,-161.1203841,0,19.65745729,-13.77056745
0,-39.31273366,-161.1077904,0,20.79144359,-13.76051697
0,-39.27487784,-161.0681774,0,21.93294112,-13.7917831
0,-39.2328686,-161.0027834,0,23.07408491,-13.87041561
0,-39.18545444,-160.9043269,0,24.20310823,-13.99916793
0,-39.12627061,-160.7796715,0,25.31359711,-14.18189001
0,-39.05382298,-160.6615021,0,26.39590824,-14.36333956
0,-38.96786233,-160.5666741,0,27.44378903,-14.50747572
0,-38.86033246,-160.4995857,0,28.47017283,-14.61250735
0,-38.73502319,-160.4170974,0,29.47312631,-14.74739022
0,-38.60568442,-160.3105288,0,30.44446505,-14.91277996
0,-38.48954494,-160.1950577,0,31.41133683,-15.10015444
0,-38.39430487,-160.0813628,0,32.3947777,-15.29868203
0,-38.3078706,-159.9627948,0,33.39481099,-15.511464
0,-38.22705015,-159.8496261,0,34.40835553,-15.73025827
0,-38.1401972,-159.7347643,0,35.41388436,-15.95521275
0,-38.0446479,-159.6188455,0,36.38781735,-16.18734701
0,-37.9390859,-159.5129717,0,37.31818426,-16.40585146
0,-37.80694988,-159.4692,0,38.18554295,-16.51861944
0,-37.64426483,-159.4296167,0,39.01033905,-16.62861975
0,-37.53710414,-159.4059553,0,39.89808272,-16.72532575
0,-37.47293868,-159.3733773,0,40.81286881,-16.84560664
0,-37.36697602,-159.2810768,0,41.67888696,-17.05932772
0,-37.20198111,-159.1628829,0,42.49944457,-17.30840948
0,-37.06469345,-159.1178939,0,43.35855819,-17.46090068
0,-36.96858767,-159.1459959,0,44.26052548,-17.51913931
0,-36.8738762,-159.1660023,0,45.14755816,-17.59531196
0,-36.75998682,-159.1410805,0,45.98620466,-17.73587346
0,-36.62560928,-159.0840192,0,46.7764614,-17.91831167
0,-36.47753996,-159.0041563,0,47.52661709,-18.14527998
0,-36.32355156,-158.9223777,0,48.2310364,-18.37462857
0,-36.17356069,-158.8128514,0,48.90567137,-18.64504998
0,-36.04725535,-158.7449425,0,49.57168702,-18.85138162
0,-35.91824101,-158.64278,0,50.20695789,-19.09997122
0,-35.79185602,-158.566043,0,50.83105114,-19.30575781
0,-35.6844448,-158.5404043,0,51.46184461,-19.43663928
0,-35.57903654,-158.5322944,0,52.06764041,-19.52683191
0,-35.45690511,-158.4661608,0,52.6127162,-19.68731275
0,-35.35569705,-158.3787637,0,53.11929231,-19.87439927
0,-35.26503804,-158.2280177,0,53.56986335,-20.14343621
0,-35.15898834,-157.9240287,0,53.94672154,-20.63666016
0,-35.10122274,-157.6698183,0,54.32424879,-21.0710576
0,-35.06788271,-157.5582433,0,54.68665262,-21.29746502
0,-34.9878993,-157.4627377,0,54.98042546,-21.48633804
0,-34.88738998,-157.3435349,0,55.23762121,-21.70430717
0,-34.77789162,-157.2390512,0,55.47650862,-21.90440764
0,-34.64403162,-157.1260744,0,55.68549938,-22.12108969
0,-34.51315601,-157.0300491,0,55.8813631,-22.31975506
0,-34.39440248,-156.9571262,0,56.05578879,-22.49013322
0,-34.29847246,-156.9236183,0,56.20818045,-22.61511031
0,-34.22506687,-156.9080302,0,56.32871326,-22.71920558
0,-34.17501868,-156.8926036,0,56.41798234,-22.81422565
0,-34.14824626,-156.8739419,0,56.48199086,-22.90964378
0,-34.14020896,-156.8498891,0,56.51342892,-23.01321776
0,-34.15120381,-156.8362698,0,56.51178749,-23.09220912
0,-34.18092552,-156.8259737,0,56.47871392,-23.16519415
0,-34.22514986,-156.8254101,0,56.40947122,-23.21897274
0,-34.27711102,-156.8009838,0,56.29050023,-23.270028
0,-34.33037828,-156.7723862,0,56.11581354,-23.30479033
0,-34.37932903,-156.7395036,0,55.88078661,-23.31980546
0,-34.42299266,-156.706306,0,55.5964185,-23.31719059
0,-34.45776961,-156.683066,0,55.27309681,-23.28192481
0,-34.48417374,-156.6487188,0,54.9166869,-23.25976882
0,-34.50460627,-156.6230087,0,54.51417505,-23.21895778
0,-34.52878173,-156.6130439,0,54.06765886,-23.16072593
0,-34.56744822,-156.6205938,0,53.57386122,-23.08167318
0,-34.6222171,-156.6372534,0,53.03922702,-23.0015783
0,-34.6909533,-156.6570867,0,52.4544118,-22.91650174
0,-34.77258532,-156.6762152,0,51.82854935,-22.82462999
0,-34.85545739,-156.670215,0,51.18086848,-22.76380298
0,-34.93701038,-156.6769643,0,50.52921602,-22.68767422
0,-35.00968471,-156.6633923,0,49.88478437,-22.64752982
0,-35.0684207,-156.6680398,0,49.24582515,-22.59389798
0,-35.11153329,-156.6814143,0,48.59896947,-22.54082857
0,-35.15037866,-156.6944458,0,47.93380571,-22.47764899
0,-35.20264644,-156.7250309,0,47.23599409,-22.38421834
0,-35.27132325,-156.7427678,0,46.48581554,-22.29755705
0,-35.35689318,-156.7316301,0,45.66520955,-22.24463187
0,-35.44985637,-156.7273512,0,44.78107571,-22.18430454
0,-35.53714633,-156.6984484,0,43.87589606,-22.15084276
0,-35.62177283,-156.6680744,0,43.01050882,-22.13184179
0,-35.71215235,-156.6570441,0,42.22295026,-22.10320317
0,-35.80894743,-156.6812338,0,41.50331512,-22.03371139
0,-35.90653975,-156.7512955,0,40.80850065,-21.91314849
0,-35.99383588,-156.8413682,0,40.08788537,-21.75991957
0,-36.07394579,-156.9248441,0,39.31103651,-21.60976628
0,-36.15527414,-156.9747007,0,38.4640602,-21.49455441
0,-36.26136955,-156.9899878,0,37.55816789,-21.4207008
0,-36.39597931,-156.9863882,0,36.6022438,-21.37261668
0,-36.55942675,-156.9561129,0,35.6150776,-21.35570456
0,-36.75760582,-156.9352677,0,34.65230183,-21.33317277
0,-36.97839199,-156.9588413,0,33.73850547,-21.26412639
0,-37.18487935,-156.9606393,0,32.8491857,-21.22518565
0,-37.35541737,-156.9246855,0,31.95749089,-21.24047794
0,-37.49869964,-156.8683403,0,31.05278459,-21.28554968
0,-37.62693877,-156.8086614,0,30.11867028,-21.35191223
0,-37.72853559,-156.7446034,0,29.13213477,-21.4282698
0,-37.8176058,-156.6702011,0,28.10875265,-21.52616657
0,-37.90819434,-156.6360979,0,27.08267965,-21.56935039
0,-38.00418169,-156.6445826,0,26.08887889,-21.54483701
0,-38.10308788,-156.6724034,0,25.13677044,-21.50546136
0,-38.2104944,-156.7086173,0,24.22545769,-21.45712359
0,-38.31967693,-156.7440874,0,23.33931796,-21.40850255
0,-38.41816804,-156.7520064,0,22.45926461,-21.4018199
0,-38.4904007,-156.7596718,0,21.55991539,-21.39323846
0,-38.54383712,-156.7548781,0,20.62790507,-21.38814418
0,-38.57935855,-156.7570438,0,19.66485688,-21.36616559
0,-38.60593317,-156.7639525,0,18.69414186,-21.33784379
0,-38.63816763,-156.7925426,0,17.75501595,-21.27279948
0,-38.68017639,-156.8325473,0,16.86485106,-21.19540195
0,-38.72414031,-156.8749727,0,16.02065261,-21.11278947
0,-38.76095221,-156.9092863,0,15.20802587,-21.06292427
0,-38.78283297,-156.9353742,0,14.40626053,-21.03220624
0,-38.79151361,-156.9607047,0,13.59848344,-20.99701694
0,-38.78979373,-156.9730039,0,12.78458014,-20.99503233
0,-38.78239933,-156.9830774,0,11.96221125,-20.99357102
0,-38.77317395,-156.9730825,0,11.1385915,-21.0313717
0,-38.76380958,-156.959961,0,10.32082294,-21.07528877
0,-38.75706373,-156.9430373,0,9.51727947,-21.13109358
0,-38.74897181,-156.9375488,0,8.72979263,-21.16369276
0,-38.72749659,-156.9314426,0,7.95807011,-21.19913297
0,-38.69063371,-156.9375262,0,7.20777225,-21.20556112
0,-38.64307305,-156.9501363,0,6.487307,-21.21062901
0,-38.5841437,-156.9677592,0,5.79443918,-21.20124502
0,-38.52487853,-157.01027,0,5.1261339,-21.14394393
0,-38.4675891,-157.0659315,0,4.47680167,-21.06413614
0,-38.41732638,-157.1306193,0,3.83934766,-20.95739152
0,-38.37807461,-157.22204,0,3.21154554,-20.8001843
0,-38.33953874,-157.3145279,0,2.58501966,-20.63995051
0,-38.28787091,-157.3964228,0,1.95772889,-20.47155947
0,-38.21702684,-157.4690795,0,1.32719302,-20.30006405
0,-38.13342899,-157.550176,0,0.69345229,-20.10189688
0,-38.03984828,-157.6444692,0,0.05445336,-19.88598087
0,-37.93431691,-157.7493249,0,-0.59529987,-19.63645311
0,-37.81771202,-157.8590041,0,-1.25783626,-19.35995796
0,-37.68906516,-157.9992837,0,-1.93756532,-19.00900214
0,-37.54566829,-158.1585565,0,-2.6391761,-18.61216417
0,-37.38350301,-158.3609719,0,-3.37009727,-18.11092551
0,-37.20209031,-158.5665851,0,-4.1241802,-17.59593822
0,-37.01717832,-158.761334,0,-4.89414524,-17.10264282
0,-36.85080781,-158.9034948,0,-5.66714884,-16.70402728
0,-36.72127742,-159.0152449,0,-6.43878512,-16.34756905
0,-36.62099114,-159.1032303,0,-7.20853136,-16.0387648
0,-36.53462946,-159.1794887,0,-7.95761879,-15.74071652
0,-36.45630759,-159.2647655,0,-8.65483481,-15.42102021
0,-36.39436196,-159.3819439,0,-9.2798771,-15.06309309
0,-36.33087627,-159.4845049,0,-9.83330683,-14.75210394
0,-36.24729854,-159.5441583,0,-10.3119295,-14.55219039
0,-36.16414882,-159.5986652,0,-10.70728935,-14.39184525
0,-36.08390054,-159.6511667,0,-11.04049903,-14.26075057
0,-35.99741601,-159.6696444,0,-11.314551,-14.20999235
0,-35.92025772,-159.6504589,0,-11.51950932,-14.25409495
0,-35.85708616,-159.6351255,0,-11.66863107,-14.29473729
0,-35.80076778,-159.626755,0,-11.78335021,-14.32337315
0,-35.75196492,-159.6063139,0,-11.87181657,-14.36489915
0,-35.72637206,-159.5912868,0,-11.92834551,-14.36492881
0,-35.71617685,-159.5540484,0,-11.96051968,-14.35304566
0,-35.73164142,-159.5190959,0,-11.95562381,-14.30763343
0,-35.77996047,-159.500894,0,-11.90652222,-14.23070098
0,-35.85635964,-159.4816015,0,-11.81109416,-14.14479472
0,-35.95653753,-159.4657646,0,-11.66891199,-14.04682733
0,-36.07276173,-159.4285603,0,-11.4813835,-13.97814505
0,-36.2021548,-159.37881,0,-11.25153915,-13.93688985
0,-36.34245515,-159.3011937,0,-10.98294852,-13.94183945
0,-36.49681989,-159.2172439,0,-10.6794591,-13.95983228
0,-36.66646797,-159.1161209,0,-10.34624842,-14.02192084
0,-36.85177201,-159.0121899,0,-9.98769512,-14.10921568
0,-37.04903951,-158.9170564,0,-9.6084725,-14.18554458
0,-37.25817278,-158.8149416,0,-9.20679823,-14.29648701
0,-37.4811736,-158.713261,0,-8.78672025,-14.40900979
0,-37.71797061,-158.6031477,0,-8.34136779,-14.55030668
0,-37.9629735,-158.4952739,0,-7.87161387,-14.7001364
0,-38.20465977,-158.4008276,0,-7.38255304,-14.83245117
0,-38.42367847,-158.3223457,0,-6.89536648,-14.93632439
0,-38.60704266,-158.2635011,0,-6.42266823,-15.01188557
0,-38.78036816,-158.2257065,0,-5.94365214,-15.05729063
0,-38.97595825,-158.1752744,0,-5.41243543,-15.10742539
0,-39.20672789,-158.1213039,0,-4.79959677,-15.16377689
0,-39.45673138,-158.0776182,0,-4.10404069,-15.22321448
0,-39.69242234,-158.0430423,0,-3.35113023,-15.29260983
0,-39.89725053,-158.0096942,0,-2.56245619,-15.36913512
0,-40.07509126,-157.9474998,0,-1.73484273,-15.49563654
0,-40.22454658,-157.8495343,0,-0.86450934,-15.6804081
0,-40.34229868,-157.7063445,0,0.0542298,-15.93775776
0,-40.42619835,-157.5329107,0,1.01543916,-16.23961753
0,-40.48057056,-157.3182263,0,2.01466589,-16.60243366
0,-40.51221868,-157.0766326,0,3.04904551,-16.9964254
0,-40.52579032,-156.820215,0,4.11295005,-17.43505873
0,-40.51833744,-156.5400244,0,5.19384256,-17.90065686
0,-40.49547898,-156.2651943,0,6.28373787,-18.36179472
0,-40.46642013,-156.0074749,0,7.38436832,-18.80519162
0,-40.43015109,-155.7638049,0,8.49122747,-19.24378616
0,-40.38434672,-155.5366516,0,9.60227601,-19.6597997
0,-40.32990434,-155.3378991,0,10.71664175,-20.03173167
0,-40.28034778,-155.1665122,0,11.85229978,-20.36759441
0,-40.24677965,-155.0393407,0,13.01969345,-20.6316418
0,-40.22284329,-154.9266033,0,14.22134352,-20.88214695
0,-40.20186623,-154.8254174,0,15.45556853,-21.12760575
0,-40.18972702,-154.7116349,0,16.7196733,-21.4015658
0,-40.18471705,-154.5756495,0,18.00608472,-21.72957064
0,-40.16651279,-154.4271396,0,19.29337283,-22.10425
0,-40.12500286,-154.2645493,0,20.56502351,-22.5149258
0,-40.06422878,-154.0713355,0,21.81691628,-22.97998018
0,-39.99318792,-153.8688683,0,23.05102625,-23.4663589
0,-39.92399842,-153.6793282,0,24.27428704,-23.93670621
0,-39.87163049,-153.5475814,0,25.49824629,-24.32436079
0,-39.83934471,-153.4806571,0,26.72785799,-24.62003751
0,-39.81035922,-153.4349806,0,27.95345044,-24.88836914
0,-39.77298791,-153.4007246,0,29.1595635,-25.1354383
0,-39.7125174,-153.3543042,0,30.3371642,-25.39562049
0,-39.64284577,-153.2927388,0,31.48323816,-25.6777696
0,-39.57034539,-153.2445419,0,32.59128337,-25.95101226
0,-39.48642823,-153.224205,0,33.6415655,-26.18625106
0,-39.38809036,-153.1983741,0,34.62094993,-26.42907944
0,-39.25214883,-153.1238384,0,35.50476695,-26.73907181
0,-39.05488915,-152.9509126,0,36.2683467,-27.16665477
0,-38.88560273,-152.7841552,0,36.95031829,-27.55764475
0,-38.81857965,-152.7547247,0,37.62805688,-27.74886778
0,-38.78961171,-152.7324655,0,38.2732091,-27.93740609
0,-38.74056296,-152.6735244,0,38.84687127,-28.16662537
0,-38.66765315,-152.6219666,0,39.36011486,-28.38003557
0,-38.57337306,-152.5909283,0,39.80877904,-28.53560778
0,-38.45880151,-152.5439193,0,40.18446609,-28.69185783
0,-38.34550456,-152.5134133,0,40.49316259,-28.80693866
0,-38.23887403,-152.5021254,0,40.73705267,-28.88102677
0,-38.13270867,-152.5341773,0,40.92063624,-28.89176577
0,-38.01108296,-152.5856844,0,41.05367461,-28.87445573
0,-37.86759546,-152.6368458,0,41.14335186,-28.84577369
0,-37.69821213,-152.6716677,0,41.192889,-28.82677899
0,-37.50126326,-152.6751976,0,41.1993507,-28.84430064
0,-37.28610359,-152.6610792,0,41.15958203,-28.87180958
0,-37.05532341,-152.6144568,0,41.07507435,-28.93653133
0,-36.80950329,-152.5399703,0,40.94443502,-29.02119222
0,-36.55964476,-152.4433667,0,40.77215065,-29.13044867
0,-36.31523533,-152.3312362,0,40.56681611,-29.25202609
0,-36.06273187,-152.183527,0,40.32074427,-29.41591861
0,-35.78690104,-152.0196114,0,40.00917432,-29.57650001
0,-35.49707393,-151.8385746,0,39.62870346,-29.73446972
0,-35.24195441,-151.7394928,0,39.21302543,-29.7671517
0,-35.0327057,-151.7852312,0,38.76761397,-29.62705359
0,-34.84751389,-151.9328547,0,38.2620826,-29.34520356
0,-34.67451178,-152.0927362,0,37.68604592,-29.03749026
0,-34.52234473,-152.2071513,0,37.04890739,-28.76353031
0,-34.3939585,-152.2547818,0,36.36001257,-28.55298067
0,-34.27458263,-152.2213753,0,35.62028971,-28.42199702
0,-34.16022216,-152.1455577,0,34.85824333,-28.34148147
0,-34.05600874,-152.0688141,0,34.09756838,-28.27593284
0,-33.97464271,-152.0451311,0,33.34744002,-28.15618499
0,-33.90784445,-152.064173,0,32.58622848,-27.98908282
0,-33.85066729,-152.1367739,0,31.80033604,-27.75795626
0,-33.80006887,-152.2281772,0,30.98084237,-27.49361282
0,-33.75717736,-152.3258351,0,30.1220426,-27.21906653
0,-33.72240849,-152.4025099,0,29.22482837,-26.97538254
0,-33.70022645,-152.4746933,0,28.30187714,-26.75181156
0,-33.67941102,-152.5396689,0,27.35960401,-26.56064965
0,-33.65933522,-152.6048333,0,26.41041853,-26.3959401
0,-33.63607121,-152.6750368,0,25.47164437,-26.24110275
0,-33.61465422,-152.7283349,0,24.57592555,-26.13104369
0,-33.59895248,-152.7993942,0,23.73465296,-26.01857955
0,-33.58943284,-152.8855115,0,22.93750396,-25.88865239
0,-33.57620136,-152.9768606,0,22.15366316,-25.75541232
0,-33.5535921,-153.0800545,0,21.35069904,-25.59326587
0,-33.52295148,-153.1940555,0,20.51600663,-25.40829383
0,-33.49500555,-153.3143702,0,19.64467879,-25.2136219
0,-33.47860587,-153.4395263,0,18.7425435,-25.01542895
0,-33.46194663,-153.5507391,0,17.83234878,-24.82881576
0,-33.44425047,-153.6805163,0,16.95210431,-24.62376391
0,-33.42158844,-153.8257533,0,16.11474129,-24.4014126
0,-33.40499658,-154.0135106,0,15.31782761,-24.1194718
0,-33.39542892,-154.2086381,0,14.54432135,-23.82021087
0,-33.38602552,-154.4164856,0,13.77029407,-23.50804422
0,-33.38567167,-154.6414222,0,12.98799918,-23.17033088
0,-33.39969965,-154.8735852,0,12.18578409,-22.82772212
0,-33.42351718,-155.1062679,0,11.35760195,-22.4876372
0,-33.45615242,-155.33959,0,10.50091274,-22.16602858
0,-33.49564694,-155.558496,0,9.62193652,-21.87873624
0,-33.53497622,-155.7713127,0,8.72843732,-21.60814809
0,-33.56973577,-155.980305,0,7.84840357,-21.342089
0,-33.59354179,-156.189241,0,7.00545795,-21.09428082
0,-33.60927542,-156.3918588,0,6.20334707,-20.8433789
0,-33.61793568,-156.5982634,0,5.44157627,-20.58094533
0,-33.62570191,-156.8155328,0,4.70207931,-20.29795286
0,-33.63834193,-157.0539538,0,3.97256365,-19.98565079
0,-33.65772864,-157.3040155,0,3.24575933,-19.65179735
0,-33.6819378,-157.5589567,0,2.51298947,-19.31414795
0,-33.70876347,-157.8036012,0,1.76564233,-18.99746784
0,-33.73311509,-158.0313648,0,1.00528742,-18.71090527
0,-33.75221999,-158.2393273,0,0.24642572,-18.46803333
0,-33.76475096,-158.423761,0,-0.49393255,-18.28066626
0,-33.77994018,-158.6244329,0,-1.19218338,-18.08236368
0,-33.79890891,-158.8396249,0,-1.84553146,-17.86475579
0,-33.81482759,-159.0593972,0,-2.46330785,-17.64333965
0,-33.81998403,-159.2976652,0,-3.05523771,-17.37294555
0,-33.81804245,-159.556286,0,-3.62860671,-17.05683657
0,-33.81203862,-159.8150746,0,-4.19845581,-16.73414645
0,-33.80281102,-160.0945621,0,-4.77173397,-16.38576065
0,-33.79076117,-160.3784949,0,-5.35259737,-16.04902601
0,-33.77392444,-160.6570824,0,-5.9397447,-15.73715354
0,-33.74846573,-160.9568192,0,-6.52511683,-15.39931823
0,-33.71488983,-161.2953132,0,-7.08961901,-15.00662894
0,-33.67350355,-161.6597702,0,-7.63264835,-14.58065894
0,-33.62947261,-162.0524642,0,-8.15745291,-14.09794896
0,-33.58551387,-162.437021,0,-8.66452632,-13.62118539
0,-33.54574712,-162.740982,0,-9.14891643,-13.28902925
0,-33.50952671,-162.9673825,0,-9.61250654,-13.09191216
0,-33.47331599,-163.1351177,0,-10.0640872,-12.98842937
0,-33.44170878,-163.3105363,0,-10.50907924,-12.8736096
0,-33.4120292,-163.5058043,0,-10.96103599,-12.72255898
0,-33.3889602,-163.7164432,0,-11.42418087,-12.54048087
0,-33.37121092,-163.9503347,0,-11.90850769,-12.31612161
0,-33.35210015,-164.2153081,0,-12.4140787,-12.0443228
0,-33.32820891,-164.480355,0,-12.92998151,-11.75900846
0,-33.28682434,-164.7406548,0,-13.45275437,-11.47541345
0,-33.22824286,-164.992935,0,-13.97370189,-11.20889419
0,-33.15318688,-165.2366849,0,-14.48591369,-10.95242986
0,-33.06614691,-165.478028,0,-14.98984218,-10.70513604
0,-32.96863708,-165.7290805,0,-15.48488342,-10.45412588
0,-32.8636391,-165.9916209,0,-15.9652178,-10.19998273
0,-32.74953376,-166.2680577,0,-16.43448946,-9.923780051
0,-32.62891286,-166.5423497,0,-16.90054339,-9.665910114
