x,y,z,,x,y,z,,x,y,z
-32.84891422,23.65107956,0,,-45.80649654,11.83476963,0,,-12.95758232,-11.81630993,0
-33.05339741,23.42481287,0,,-45.32887949,11.65550856,0,,-12.27548208,-11.76930431,0
-33.23948367,23.20552471,0,,-44.82563318,11.45235742,0,,-11.58614951,-11.75316729,0
-33.41157618,22.98544108,0,,-44.29367838,11.23136376,0,,-10.8821022,-11.75407732,0
-33.5729669,22.76738859,0,,-43.73912072,11.00440607,0,,-10.16615382,-11.76298252,0
-33.72850664,22.55243925,0,,-43.15769077,10.75491535,0,,-9.42918413,-11.7975239,0
-33.87584501,22.3340242,0,,-42.54163668,10.48532867,0,,-8.66579167,-11.84869553,0
-34.01536585,22.11339343,0,,-41.87966028,10.20768915,0,,-7.86429443,-11.90570428,0
-34.14896167,21.8973927,0,,-41.17105651,9.916699998,0,,-7.02209484,-11.9806927,0
-34.27091235,21.70064457,0,,-40.41603157,9.615802607,0,,-6.14511922,-12.08484196,0
-34.36934825,21.52446304,0,,-39.60634455,9.307815023,0,,-5.2369963,-12.21664802,0
-34.43744899,21.42128318,0,,-38.744805,8.985939753,0,,-4.30735601,-12.43534343,0
-34.4757206,21.37444611,0,,-37.83067353,8.64989992,0,,-3.35495293,-12.72454619,0
-34.48956515,21.39483567,0,,-36.86623976,8.292214753,0,,-2.37667461,-13.10262092,0
-34.48779295,21.4162225,0,,-35.85054312,7.938415695,0,,-1.36275017,-13.47780681,0
-34.47744883,21.41414367,0,,-34.78755079,7.613618579,0,,-0.31010196,-13.80052509,0
-34.47185621,21.40060495,0,,-33.68866842,7.307473811,0,,0.78318779,-14.09313114,0
-34.48016796,21.38341126,0,,-32.56137805,7.008891583,0,,1.91878991,-14.37451968,0
-34.51025466,21.40629302,0,,-31.4049946,6.694406616,0,,3.10526006,-14.7118864,0
-34.55456123,21.43582664,0,,-30.21559381,6.392363763,0,,4.33896742,-15.04346288,0
-34.60199052,21.48795298,0,,-28.99122994,6.107814696,0,,5.61076058,-15.38013828,0
-34.64156866,21.54590194,0,,-27.73900632,5.846849794,0,,6.90256234,-15.69905215,0
-34.67295095,21.6024861,0,,-26.46612816,5.60022564,0,,8.20682279,-16.00226046,0
-34.69221579,21.69214861,0,,-25.1815706,5.348364901,0,,9.51064519,-16.34378371,0
-34.69726431,21.77985356,0,,-23.88328275,5.089139513,0,,10.81398156,-16.69071405,0
-34.69474095,21.8472448,0,,-22.57141488,4.839989852,0,,12.12332607,-17.00725495,0
-34.67610107,21.91438481,0,,-21.23338414,4.593483873,0,,13.44271693,-17.32090094,0
-34.64424723,21.95724551,0,,-19.86588861,4.362406523,0,,14.77835862,-17.59483899,0
-34.598776,21.97662589,0,,-18.46022202,4.150573165,0,,16.13855398,-17.82605273,0
-34.53940567,21.99223797,0,,-17.01428458,3.948119432,0,,17.52512109,-18.04411854,0
-34.47173415,21.98651118,0,,-15.53390226,3.767634425,0,,18.93783189,-18.21887676,0
-34.39308184,21.98279336,0,,-14.04025353,3.600170829,0,,20.35282831,-18.38262253,0
-34.30429168,21.97078853,0,,-12.56144569,3.440686085,0,,21.74284599,-18.53010245,0
-34.21358923,21.97230597,0,,-11.10965089,3.270108306,0,,23.10393834,-18.70219766,0
-34.12722371,21.96900825,0,,-9.691598545,3.105470445,0,,24.43562517,-18.86353781,0
-34.04536093,21.93332925,0,,-8.290074502,2.954087902,0,,25.75528643,-18.97924135,0
-33.94898272,21.92748262,0,,-6.889940462,2.809475646,0,,27.05904226,-19.11800697,0
-33.83185812,21.93590011,0,,-5.48336391,2.684750629,0,,28.34849421,-19.25114948,0
-33.70489162,21.96686334,0,,-4.077398128,2.557197755,0,,29.62749349,-19.40966559,0
-33.57919768,22.02072458,0,,-2.689902488,2.424986044,0,,30.88929519,-19.59573854,0
-33.4611453,22.10954706,0,,-1.337628593,2.278171036,0,,32.12351671,-19.83137602,0
-33.34885675,22.22115481,0,,-0.015561923,2.103119589,0,,33.33329483,-20.11803522,0
-33.23740931,22.35346836,0,,1.285557523,1.905534074,0,,34.52296683,-20.44793429,0
-33.12025644,22.50709375,0,,2.565301663,1.70116271,0,,35.6855581,-20.80593104,0
-33.00537612,22.65490727,0,,3.832289973,1.4916782,0,,36.83766609,-21.16322907,0
-32.87538455,22.79211871,0,,5.103724641,1.275786693,0,,37.97910919,-21.51633202,0
-32.72915265,22.92935397,0,,6.385474365,1.05118091,0,,39.11462702,-21.87817306,0
-32.58156776,23.07143514,0,,7.662426987,0.814398214,0,,40.24399475,-22.25703693,0
-32.44717839,23.18812689,0,,8.906357279,0.57448506,0,,41.35353567,-22.61364183,0
-32.32607704,23.26547898,0,,10.06841724,0.347528331,0,,42.39449428,-22.91795065,0
-32.20405567,23.3438049,0,,11.14292342,0.108398247,0,,43.34697909,-23.23540665,0
-32.08408617,23.40559005,0,,12.15585678,-0.157949951,0,,44.23994295,-23.56354,0
-31.97485195,23.4742032,0,,13.14688478,-0.45931175,0,,45.12173673,-23.93351495,0
-31.86484209,23.58887994,0,,14.14343027,-0.781545401,0,,46.00827236,-24.37042534,0
-31.73510968,23.74857175,0,,15.15602655,-1.111096401,0,,46.89113623,-24.85966815,0
-31.57891111,23.89229985,0,,16.18746829,-1.420648235,0,,47.7663794,-25.31294809,0
-31.3876382,24.0169887,0,,17.22985376,-1.714954021,0,,48.61749196,-25.73194272,0
-31.16700378,24.14136208,0,,18.27109191,-1.999387697,0,,49.43809569,-26.14074978,0
-30.9343014,24.26293423,0,,19.28496695,-2.287985094,0,,50.21926835,-26.55091932,0
-30.71462325,24.38147158,0,,20.24802611,-2.58644995,0,,50.96264936,-26.96792153,0
-30.52430301,24.49044509,0,,21.13787935,-2.899724788,0,,51.66218236,-27.39016988,0
-30.38215767,24.55215756,0,,21.95102961,-3.210506243,0,,52.33318728,-27.7626638,0
-30.28959267,24.5796816,0,,22.72336451,-3.514217203,0,,53.01295718,-28.0938988,0
-30.2016302,24.58115683,0,,23.48775602,-3.801219066,0,,53.68938622,-28.3823759,0
-30.08624042,24.62426637,0,,24.25094415,-4.086447076,0,,54.33718457,-28.71071345,0
-29.94911157,24.63163005,0,,25.0205878,-4.34771409,0,,54.96969937,-28.97934414,0
-29.80032468,24.5982123,0,,25.80478889,-4.592079203,0,,55.60511357,-29.1902915,0
-29.63225248,24.56750135,0,,26.61290378,-4.847380899,0,,56.24515626,-29.41488225,0
-29.43227675,24.59015278,0,,27.43357361,-5.118724136,0,,56.86585036,-29.70887692,0
-29.21063443,24.65551669,0,,28.23719433,-5.403520704,0,,57.44782876,-30.05903739,0
-29.01502287,24.76372665,0,,28.97950204,-5.683461869,0,,57.99452491,-30.44718852,0
-28.89361236,24.83504538,0,,29.63080273,-5.954288241,0,,58.52441509,-30.78933362,0
-28.8522366,24.82177838,0,,30.19917332,-6.218505315,0,,59.05140992,-31.0402837,0
-28.84390244,24.76376265,0,,30.73395057,-6.494864297,0,,59.57785301,-31.25862695,0
-28.82580318,24.73186628,0,,31.27893117,-6.800940337,0,,60.10473435,-31.53280662,0
-28.76862185,24.74550433,0,,31.84454331,-7.115554532,0,,60.61316516,-31.86105886,0
-28.66943414,24.82913629,0,,32.42830032,-7.439222211,0,,61.09773446,-32.2683585,0
-28.55063652,24.93814991,0,,33.01739019,-7.766591877,0,,61.56802671,-32.70474179,0
-28.43413093,25.04650776,0,,33.58945701,-8.093847643,0,,62.02358794,-33.1403554,0
-28.33952293,25.12093925,0,,34.1226885,-8.410409639,0,,62.46221143,-33.53134889,0
-28.24971462,25.19066585,0,,34.60496774,-8.706913369,0,,62.85468236,-33.89757922,0
-28.16277901,25.2551973,0,,35.02180549,-8.972117099,0,,63.1845845,-34.2273144,0
-28.08285976,25.32769667,0,,35.37773173,-9.20982158,0,,63.46059149,-34.53751825,0
-28.02022041,25.38120639,0,,35.68367949,-9.411007622,0,,63.7038999,-34.79221401,0
-27.97682885,25.41961548,0,,35.94586517,-9.58419661,0,,63.92269402,-35.00381209,0
-27.95041018,25.43214359,0,,36.16590191,-9.738950148,0,,64.11631209,-35.17109374,0
-27.93507768,25.42757373,0,,36.33854378,-9.872272665,0,,64.27362146,-35.2998464,0
-27.93499343,25.43577539,0,,36.45069178,-9.975089447,0,,64.38568521,-35.41086484,0
-27.95390566,25.41684415,0,,36.48742902,-10.0459605,0,,64.44133468,-35.46280465,0
-27.98830766,25.39576844,0,,36.428173,-10.08534238,0,,64.41648066,-35.48111082,0
-28.04661833,25.34010002,0,,36.26312977,-10.06526207,0,,64.3097481,-35.40536209,0
-28.12976712,25.28015754,0,,35.99821143,-10.00720664,0,,64.12797855,-35.28736418,0
-28.23571707,25.22552357,0,,35.63009221,-9.908243434,0,,63.86580928,-35.133767,0
-28.36019158,25.16603363,0,,35.17063731,-9.759842351,0,,63.53082889,-34.92587598,0
-28.5044875,25.06896619,0,,34.64842261,-9.572652625,0,,63.15291011,-34.64161882,0
-28.65969569,24.9611729,0,,34.08550399,-9.364330801,0,,62.74519968,-34.3255037,0
-28.81230386,24.82662599,0,,33.48387578,-9.121546206,0,,62.29617964,-33.9481722,0
-28.9553288,24.70810178,0,,32.84506658,-8.862739269,0,,61.80039538,-33.57084105,0
-29.08839734,24.60078285,0,,32.15562321,-8.580129389,0,,61.24402055,-33.18091224,0
-29.22699315,24.49958001,0,,31.40704852,-8.279302232,0,,60.63404167,-32.77888224,0
-29.38739986,24.37622844,0,,30.59510467,-7.95799294,0,,59.98250453,-32.33422138,0
-29.58067801,24.20090635,0,,29.72185842,-7.620978764,0,,59.30253643,-31.82188511,0
-29.79912867,23.9807736,0,,28.80132898,-7.276733702,0,,58.60045765,-31.2575073,0
-30.02154071,23.77078176,0,,27.85756213,-6.947612809,0,,57.87910284,-30.71839457,0
-30.23569172,23.60277964,0,,26.90596565,-6.637497092,0,,57.14165737,-30.24027673,0
-30.42474315,23.47508014,0,,25.94745575,-6.344387134,0,,56.3721989,-29.81946727,0
-30.60043006,23.37500634,0,,24.97581484,-6.049350726,0,,55.5762449,-29.42435707,0
-30.77878402,23.28787095,0,,23.98316773,-5.746622233,0,,54.76195175,-29.03449318,0
-30.97527297,23.20668661,0,,22.95681281,-5.449746219,0,,53.93208578,-28.65643283,0
-31.21081219,23.07549475,0,,21.87181516,-5.142796434,0,,53.08262735,-28.21829118,0
-31.48710213,22.92613809,0,,20.71126305,-4.835798304,0,,52.19836518,-27.76193639,0
-31.80012655,22.73946826,0,,19.47723476,-4.531248609,0,,51.27736131,-27.27071687,0
-32.13503405,22.5525518,0,,18.19862167,-4.271686156,0,,50.33365572,-26.82423796,0
-32.47023354,22.42810764,0,,16.91341249,-4.058356798,0,,49.38364603,-26.48646444,0
-32.78975732,22.38041993,0,,15.66829235,-3.889922793,0,,48.45804967,-26.27034272,0
-33.07872438,22.34337571,0,,14.47709002,-3.724312765,0,,47.5558144,-26.06768848,0
-33.33712355,22.28840226,0,,13.32424045,-3.543417392,0,,46.661364,-25.83181965,0
-33.58267708,22.16349356,0,,12.17851494,-3.330782876,0,,45.76119202,-25.49427644,0
-33.81089875,22.00177273,0,,11.01053878,-3.109038008,0,,44.82143753,-25.11081074,0
-34.01533015,21.83072275,0,,9.812502283,-2.892797249,0,,43.82783243,-24.72352,0
-34.18633221,21.63855697,0,,8.577297653,-2.683535837,0,,42.76362986,-24.32209281,0
-34.34052196,21.5248112,0,,7.306575001,-2.520380305,0,,41.64709696,-24.04519151,0
-34.51186301,21.44266966,0,,6.024771923,-2.394267098,0,,40.53663493,-23.83693676,0
-34.72776365,21.39090037,0,,4.790201869,-2.300718739,0,,39.51796552,-23.69161911,0
-34.99689551,21.33782507,0,,3.610022185,-2.215563177,0,,38.6069177,-23.55338825,0
-35.30519368,21.26155008,0,,2.458905197,-2.129358559,0,,37.76409888,-23.39090864,0
-35.61840378,21.17526555,0,,1.303143806,-2.051867542,0,,36.92154759,-23.22713309,0
-35.88796085,21.12267246,0,,0.125992702,-2.006938722,0,,36.01395355,-23.12961118,0
-36.07561566,21.10886004,0,,-1.069236983,-1.982109901,0,,35.00637868,-23.09096994,0
-36.18153207,21.13675307,0,,-2.274126889,-1.952450078,0,,33.90740518,-23.08920315,0
-36.25258621,21.17310298,0,,-3.481274984,-1.900383676,0,,32.77131123,-23.07348666,0
-36.3267392,21.18117701,0,,-4.665279666,-1.835950376,0,,31.66145953,-23.01712739,0
-36.42018623,21.1562699,0,,-5.814155641,-1.758121907,0,,30.60603059,-22.91439181,0
-36.54744337,21.10234765,0,,-6.958303013,-1.655644828,0,,29.58914036,-22.75799248,0
-36.72103186,21.02699654,0,,-8.136421469,-1.546818448,0,,28.58461039,-22.57381499,0
-36.94474886,20.91023877,0,,-9.365773295,-1.440247584,0,,27.57897557,-22.35048635,0
-37.18401705,20.79174093,0,,-10.632587,-1.35364926,0,,26.55143005,-22.14539019,0
-37.39782125,20.66064737,0,,-11.92265006,-1.279161522,0,,25.47517119,-21.93980889,0
-37.54870832,20.56933187,0,,-13.20692601,-1.219262036,0,,24.34178231,-21.78859391,0
-37.6381092,20.48696357,0,,-14.46561065,-1.145889657,0,,23.17249855,-21.63285323,0
-37.68078849,20.43863334,0,,-15.67280281,-1.064967951,0,,22.00798568,-21.50360129,0
-37.69346258,20.39551629,0,,-16.81786713,-0.973121923,0,,20.87559545,-21.36863821,0
-37.69809931,20.33339127,0,,-17.9195108,-0.855483443,0,,19.77858851,-21.18887471,0
-37.71624995,20.24777554,0,,-19.01572609,-0.714659554,0,,18.70052386,-20.96243509,0
-37.76390462,20.14525394,0,,-20.13437862,-0.560435753,0,,17.629526,-20.70568969,0
-37.83248542,19.99561795,0,,-21.27422796,-0.394459139,0,,16.55825746,-20.39007709,0
-37.90022943,19.83923295,0,,-22.40240535,-0.240842243,0,,15.49782408,-20.08007519,0
-37.95096147,19.66925328,0,,-23.49998641,-0.09231646,0,,14.45097506,-19.76156974,0
-37.96573127,19.50221433,0,,-24.5424987,0.036889408,0,,13.42323257,-19.46532492,0
-37.94076938,19.34981293,0,,-25.52334871,0.176417109,0,,12.41742067,-19.17339582,0
-37.88528042,19.22508629,0,,-26.44595548,0.305331315,0,,11.43932494,-18.91975498,0
-37.81425821,19.10179942,0,,-27.33212104,0.436399925,0,,10.48213717,-18.6653995,0
-37.73755445,18.96148652,0,,-28.19070725,0.578773962,0,,9.5468472,-18.38271256,0
-37.66048971,18.82163426,0,,-29.03042686,0.714648148,0,,8.63006285,-18.10698611,0
-37.59075766,18.67327071,0,,-29.86364477,0.862597576,0,,7.72711289,-17.81067313,0
-37.53200171,18.51957363,0,,-30.69745927,1.019782158,0,,6.83454244,-17.49979147,0
-37.48284429,18.37280299,0,,-31.53541448,1.174541197,0,,5.94742981,-17.19826179,0
-37.4598549,18.21193645,0,,-32.39212064,1.341613862,0,,5.06773426,-16.87032259,0
-37.46245001,18.02961003,0,,-33.26743822,1.519748746,0,,4.19501179,-16.50986128,0
-37.48860567,17.8420278,0,,-34.16294862,1.70910477,0,,3.32565705,-16.13292303,0
-37.52579795,17.62151993,0,,-35.07600814,1.93634378,0,,2.44978981,-15.68517615,0
-37.56012411,17.37094627,0,,-35.99415539,2.199062456,0,,1.56596872,-15.17188381,0
-37.57372348,17.08006586,0,,-36.91240418,2.516475325,0,,0.6613193,-14.56359054,0
-37.54989526,16.70884143,0,,-37.80767756,2.894396284,0,,-0.2577823,-13.81444515,0
-37.4680727,16.2768859,0,,-38.65781847,3.332721623,0,,-1.18974577,-12.94416428,0
-37.32282193,15.80363656,0,,-39.4457208,3.802539339,0,,-2.12289887,-12.00109722,0
-37.13133059,15.34354285,0,,-40.16981574,4.264269659,0,,-3.03848515,-11.07927319,0
-36.91927519,14.96342018,0,,-40.83464757,4.661739681,0,,-3.91537238,-10.3016805,0
-36.71037698,14.75939201,0,,-41.45015172,4.939858507,0,,-4.73977474,-9.819533503,0
-36.51597738,14.76305867,0,,-42.02647261,5.065982856,0,,-5.51049523,-9.697075814,0
-36.33767236,14.93083319,0,,-42.57429743,5.064506603,0,,-6.23662507,-9.866326587,0
-36.17380991,15.17783231,0,,-43.10350139,4.999940134,0,,-6.92969148,-10.17789218,0
-36.02076737,15.4652171,0,,-43.6212385,4.896386405,0,,-7.60047113,-10.5688307,0
-35.87573359,15.74344042,0,,-44.12945354,4.798396697,0,,-8.25371995,-10.94504372,0
-35.73226315,15.9599758,0,,-44.6434789,4.736405406,0,,-8.91121575,-11.22357039,0
-35.59001973,16.0920638,0,,-45.16449734,4.722828982,0,,-9.57447761,-11.36923482,0
-35.44452338,16.12650493,0,,-45.6986234,4.776505843,0,,-10.25410002,-11.34999909,0
-35.29300923,16.09701696,0,,-46.24472403,4.873171961,0,,-10.9517148,-11.223845,0
-35.13315101,16.01972424,0,,-46.79394474,5.009997159,0,,-11.66079373,-11.00972708,0
-34.96709779,15.92087442,0,,-47.33225186,5.167864369,0,,-12.36515407,-10.75301005,0
-34.79533564,15.82367624,0,,-47.8432074,5.309893195,0,,-13.04787176,-10.51378305,0
-34.62125611,15.74844779,0,,-48.32330452,5.420932348,0,,-13.70204841,-10.32751544,0
-34.44992922,15.69554483,0,,-48.77396933,5.502365662,0,,-14.32404011,-10.19317917,0
-34.28141778,15.64645056,0,,-49.19692976,5.579907556,0,,-14.91551198,-10.066543,0
-34.11776727,15.60627194,0,,-49.59547938,5.645498475,0,,-15.47771211,-9.960773465,0
-33.95612453,15.58200087,0,,-49.97532423,5.689972038,0,,-16.0191997,-9.892028832,0
-33.80191234,15.57543357,0,,-50.34149945,5.720676409,0,,-16.53958711,-9.854757161,0
-33.65613973,15.56842528,0,,-50.7000515,5.742416348,0,,-17.04391177,-9.826008932,0
-33.51590809,15.56900017,0,,-51.0522302,5.738709211,0,,-17.53632211,-9.830290959,0
-33.38065802,15.55851463,0,,-51.39954967,5.756923775,0,,-18.01889165,-9.801590855,0
-33.2500462,15.53984691,0,,-51.74451561,5.771523712,0,,-18.49446941,-9.768323198,0
-33.11925575,15.49626499,0,,-52.08514207,5.798100118,0,,-18.96588632,-9.698164872,0
-32.99048902,15.42164675,0,,-52.42140905,5.849443888,0,,-19.43092003,-9.572202862,0
-32.85727388,15.33984379,0,,-52.74729079,5.894413978,0,,-19.89001691,-9.445429812,0
-32.72239396,15.23972742,0,,-53.06422723,5.946877702,0,,-20.34183327,-9.292849718,0
-32.58642232,15.15213819,0,,-53.36713077,5.993664478,0,,-20.78070845,-9.158473712,0
-32.45724144,15.05424098,0,,-53.65638461,6.034345756,0,,-21.19914317,-9.019895224,0
-32.33312774,14.96354106,0,,-53.92375204,6.059217727,0,,-21.5906243,-8.904323333,0
-32.21872014,14.86886539,0,,-54.17450918,6.066061,0,,-21.95578904,-8.80280439,0
-32.11379082,14.76883654,0,,-54.4086871,6.049189951,0,,-22.29489628,-8.719646589,0
-32.01884847,14.66662951,0,,-54.63132076,6.019994987,0,,-22.61247229,-8.646634523,0
-31.9291334,14.55733761,0,,-54.85052129,5.991097003,0,,-22.92138789,-8.566240607,0
-31.84167615,14.47575423,0,,-55.06774966,5.934410467,0,,-23.22607351,-8.541343763,0
-31.74757809,14.41407849,0,,-55.27043511,5.870401691,0,,-23.52285702,-8.543676799,0
-31.64978468,14.36953423,0,,-55.45073875,5.798226051,0,,-23.80095407,-8.571308179,0
-31.55551973,14.34157853,0,,-55.60154365,5.70994062,0,,-24.04602392,-8.63163791,0
-31.47368053,14.31446726,0,,-55.7178746,5.63171327,0,,-24.24419407,-8.68275399,0
-31.41327224,14.28106971,0,,-55.79321046,5.558030822,0,,-24.37993822,-8.723038888,0
-31.38292513,14.22345293,0,,-55.82457528,5.506878356,0,,-24.44165015,-8.716574574,0
-31.38533475,14.16134408,0,,-55.82158813,5.481315769,0,,-24.43625338,-8.680028311,0
-31.42246278,14.10012436,0,,-55.78892723,5.477550129,0,,-24.36646445,-8.622574231,0
-31.48960187,14.02442951,0,,-55.7325015,5.515461689,0,,-24.24289963,-8.508967821,0
-31.57426085,13.98137571,0,,-55.65264329,5.568576919,0,,-24.07838244,-8.412798791,0
-31.67199392,13.98601977,0,,-55.55543902,5.627785592,0,,-23.8834451,-8.358234178,0
-31.77742704,14.02136636,0,,-55.44389653,5.695081164,0,,-23.66646949,-8.326285196,0
-31.88749828,14.08532236,0,,-55.31949119,5.764405276,0,,-23.43199291,-8.320917084,0
-32.00021517,14.16635703,0,,-55.18820451,5.833209721,0,,-23.18798934,-8.333147309,0
-32.1169614,14.24650692,0,,-55.05343206,5.899996164,0,,-22.93647066,-8.346510756,0
-32.23716262,14.31505005,0,,-54.91208687,5.974064351,0,,-22.67492425,-8.340985699,0
-32.35864088,14.40265628,0,,-54.75320492,6.037415695,0,,-22.39456404,-8.365240585,0
-32.47823105,14.49779336,0,,-54.5750375,6.094264176,0,,-22.09680645,-8.403529184,0
-32.60116655,14.60064105,0,,-54.38185574,6.149125953,0,,-21.78068919,-8.451515097,0
-32.72676958,14.692934,0,,-54.17160284,6.209351888,0,,-21.44483326,-8.483582112,0
-32.8560556,14.77677391,0,,-53.94402741,6.282286754,0,,-21.08797181,-8.494487156,0
-32.98466978,14.86342927,0,,-53.68949868,6.346732371,0,,-20.7048289,-8.516696899,0
-33.10384095,14.9471906,0,,-53.40099252,6.403316908,0,,-20.29715157,-8.543873692,0
-33.20970231,15.05519953,0,,-53.08129455,6.431584615,0,,-19.87159224,-8.623614915,0
-33.30248544,15.19703076,0,,-52.735507,6.410243875,0,,-19.43302156,-8.786786885,0
-33.38626748,15.34471343,0,,-52.36401984,6.361779964,0,,-18.97775236,-8.982933466,0
-33.46959534,15.4860238,0,,-51.96166376,6.293429854,0,,-18.49206842,-9.192593946,0
-33.56111932,15.58941912,0,,-51.52519667,6.237365321,0,,-17.96407735,-9.352053799,0
-33.66591368,15.65018478,0,,-51.05221054,6.181835286,0,,-17.38629686,-9.468349494,0
-33.78837175,15.67611346,0,,-50.5461357,6.141957851,0,,-16.75776395,-9.534155609,0
-33.92826341,15.65519644,0,,-50.007947,6.125217548,0,,-16.07968359,-9.529978892,0
-34.081795,15.60797187,0,,-49.43991483,6.10278752,0,,-15.35811983,-9.50518435,0
-34.23995524,15.55907171,0,,-48.83509222,6.072127129,0,,-14.59513698,-9.486944581,0
-34.39466241,15.51547644,0,,-48.18832129,6.015164038,0,,-13.79365888,-9.500312402,0
-34.54551479,15.489499,0,,-47.49844849,5.927346472,0,,-12.9529337,-9.562152528,0
-34.69319758,15.47894737,0,,-46.75915186,5.810276082,0,,-12.06595428,-9.668671288,0
-34.83961303,15.4879003,0,,-45.96403094,5.662681004,0,,-11.12441791,-9.825219296,0
-34.98908922,15.46497659,0,,-45.1103438,5.492214744,0,,-10.12125458,-9.972761846,0
-35.13896819,15.45487508,0,,-44.19531466,5.302206873,0,,-9.05634647,-10.15266821,0
-35.29511778,15.43542702,0,,-43.22567612,5.098633768,0,,-7.93055834,-10.33679325,0
-35.46294767,15.39725216,0,,-42.21027598,4.901190938,0,,-6.74732831,-10.49606122,0
-35.64229386,15.34969142,0,,-41.15250964,4.688810348,0,,-5.51021578,-10.66088107,0
-35.83028083,15.29216012,0,,-40.04631246,4.448720928,0,,-4.21603163,-10.84343919,0
-36.02425295,15.22298271,0,,-38.89189088,4.192524177,0,,-2.86763793,-11.03045853,0
-36.21936772,15.17254991,0,,-37.68924247,3.906041227,0,,-1.46987475,-11.26650868,0
-36.4041426,15.13911481,0,,-36.44487049,3.602873978,0,,-0.04072789,-11.53624083,0
-36.57508803,15.15172173,0,,-35.16207989,3.274454919,0,,1.41300814,-11.87726681,0
-36.75045506,15.18571992,0,,-33.85692043,2.935876533,0,,2.89353463,-12.24984339,0
-36.93591241,15.22020064,0,,-32.53576032,2.601915326,0,,4.40015209,-12.61828531,0
-37.11690088,15.26597813,0,,-31.19562783,2.283866332,0,,5.92127305,-12.9821118,0
-37.28419337,15.30980648,0,,-29.83791853,1.981728421,0,,7.44627484,-13.32807806,0
-37.43263688,15.34766982,0,,-28.46757025,1.691006677,0,,8.96506663,-13.65666314,0
-37.56154825,15.38991228,0,,-27.09151121,1.408422245,0,,10.47003704,-13.98149004,0
-37.67426227,15.43624103,0,,-25.71127685,1.116526926,0,,11.96298542,-14.3197141,0
-37.77103506,15.50235739,0,,-24.31475283,0.797105249,0,,13.45628223,-14.70525214,0
-37.83896921,15.56903599,0,,-22.89199403,0.47357616,0,,14.94697518,-15.09545983,0
-37.87082707,15.6537458,0,,-21.44560909,0.145130535,0,,16.42521798,-15.50861527,0
-37.87229639,15.75124703,0,,-19.99016192,-0.172540518,0,,17.88213447,-15.92378755,0
-37.85690007,15.870126,0,,-18.53559304,-0.492704394,0,,19.32130703,-16.36283039,0
-37.82642893,16.01683407,0,,-17.08190789,-0.821212157,0,,20.74452104,-16.83804623,0
-37.78437152,16.18523565,0,,-15.63592906,-1.15789503,0,,22.14844246,-17.34313068,0
-37.72420043,16.38579263,0,,-14.19867111,-1.498126243,0,,23.52552932,-17.88391887,0
-37.64171483,16.61682558,0,,-12.77628441,-1.846303953,0,,24.86543042,-18.46312953,0
-37.52879798,16.91309072,0,,-11.38301082,-2.202672929,0,,26.14578716,-19.11576365,0
-37.41268507,17.2264098,0,,-10.00732082,-2.542656294,0,,27.40536425,-19.76906609,0
-37.33729427,17.39266362,0,,-8.652471968,-2.800636468,0,,28.6848223,-20.19330009,0
-37.31544935,17.36818821,0,,-7.329784086,-2.980566956,0,,29.98566526,-20.34875517,0
-37.33461762,17.32158595,0,,-6.041636921,-3.165481544,0,,31.2929807,-20.48706749,0
-37.35180966,17.33680039,0,,-4.76987676,-3.381703206,0,,32.5819329,-20.7185036,0
-37.34872327,17.38858017,0,,-3.511247667,-3.583846512,0,,33.8374756,-20.97242668,0
-37.34400394,17.43202729,0,,-2.265695931,-3.773756155,0,,35.07830801,-21.20578345,0
-37.34673634,17.50056332,0,,-1.061347727,-3.966178516,0,,36.28538861,-21.46674184,0
-37.34877316,17.55060514,0,,0.086738166,-4.150537801,0,,37.43551133,-21.70114294,0
-37.34342258,17.58343646,0,,1.186625681,-4.334652979,0,,38.53004826,-21.91808944,0
-37.32615437,17.61140614,0,,2.267668956,-4.515820602,0,,39.59382333,-22.12722674,0
-37.29420498,17.6524123,0,,3.350055465,-4.691620661,0,,40.64426045,-22.34403296,0
-37.25765501,17.73982011,0,,4.437769206,-4.89042274,0,,41.69542422,-22.63024285,0
-37.22011817,17.8708624,0,,5.522745848,-5.109186395,0,,42.74286402,-22.9800488,0
-37.1895251,17.9792446,0,,6.608188873,-5.33266519,0,,43.79771397,-23.31190979,0
-37.16751216,18.05039843,0,,7.673505674,-5.564377996,0,,44.84101783,-23.61477643,0
-37.14697586,18.10233649,0,,8.7092566,-5.801922884,0,,45.85623246,-23.90425937,0
-37.12736645,18.13678286,0,,9.71159884,-6.042206735,0,,46.83896529,-24.1789896,0
-37.13442658,18.16130342,0,,10.66915528,-6.281911742,0,,47.80358186,-24.44321516,0
-37.14491565,18.22021765,0,,11.58081345,-6.532314978,0,,48.7257291,-24.75253263,0
-37.17307723,18.29026219,0,,12.4558705,-6.782051394,0,,49.62894773,-25.07231358,0
-37.20511395,18.36475908,0,,13.29974179,-7.035697996,0,,50.50485574,-25.40045708,0
-37.2250354,18.46796915,0,,14.12310932,-7.295125645,0,,51.34814472,-25.7630948,0
-37.2387274,18.54578327,0,,14.92418848,-7.543108868,0,,52.16291588,-26.08889214,0
-37.24612531,18.58310797,0,,15.69299453,-7.77063443,0,,52.93911984,-26.3537424,0
-37.26050807,18.59540049,0,,16.43341069,-7.996488655,0,,53.69391876,-26.59188915,0
-37.27581517,18.61661415,0,,17.15054481,-8.223791837,0,,54.42635998,-26.84040599,0
-37.29152986,18.66694992,0,,17.84425332,-8.459379197,0,,55.13578318,-27.12632912,0
-37.30705789,18.72519681,0,,18.50740523,-8.705727875,0,,55.81446312,-27.43092469,0
-37.33101982,18.79019452,0,,19.12519088,-8.946158422,0,,56.4562107,-27.73635294,0
-37.36932,18.83674227,0,,19.71613361,-9.177512425,0,,57.08545361,-28.0142547,0
-37.39828873,18.84414446,0,,20.29148966,-9.385654925,0,,57.68977839,-28.22979939,0
-37.41521377,18.81726862,0,,20.86419908,-9.578053802,0,,58.27941285,-28.39532242,0
-37.41388355,18.79101094,0,,21.43265005,-9.755506031,0,,58.8465336,-28.54651697,0
-37.39812864,18.7937619,0,,22.00489815,-9.944174072,0,,59.40302679,-28.73793597,0
-37.37308227,18.80280468,0,,22.57756654,-10.13572336,0,,59.95064881,-28.93852804,0
-37.34723641,18.80267102,0,,23.14682814,-10.3230567,0,,60.49406455,-29.12572772,0
-37.33149049,18.83129522,0,,23.70616121,-10.52797734,0,,61.0376517,-29.35927256,0
-37.32772389,18.83969138,0,,24.2543468,-10.72398581,0,,61.58207069,-29.56367719,0
-37.32285496,18.8554295,0,,24.7779088,-10.9070164,0,,62.10076376,-29.7624459,0
-37.31237285,18.90974556,0,,25.26166235,-11.09448095,0,,62.5740352,-30.00422651,0
-37.3067089,18.98679089,0,,25.70292216,-11.26333929,0,,63.00963106,-30.25013018,0
-37.30723282,19.04201683,0,,26.10121103,-11.39485588,0,,63.40844385,-30.43687271,0
-37.31931194,19.07314212,0,,26.45559217,-11.49688714,0,,63.77490411,-30.57002926,0
-37.34511309,19.13150671,0,,26.76403615,-11.59214123,0,,64.10914924,-30.72364794,0
-37.37783043,19.18818864,0,,27.01649728,-11.65285998,0,,64.39432771,-30.84104862,0
-37.41214804,19.24727554,0,,27.20555168,-11.68423534,0,,64.61769972,-30.93151088,0
-37.44907004,19.27433173,0,,27.3321045,-11.68210526,0,,64.78117454,-30.95643699,0
-37.48518659,19.30307473,0,,27.39574698,-11.65518921,0,,64.88093357,-30.95826394,0
-37.51789784,19.34532947,0,,27.39010775,-11.60080185,0,,64.90800559,-30.94613132,0
-37.55104357,19.39620237,0,,27.31524266,-11.52038582,0,,64.86628623,-30.91658819,0
-37.58421686,19.46291604,0,,27.17929806,-11.42028125,0,,64.76351492,-30.88319729,0
-37.63076735,19.50545381,0,,26.98583711,-11.30320459,0,,64.61660446,-30.8086584,0
-37.68813917,19.52654575,0,,26.73410757,-11.1759151,0,,64.42224674,-30.70246085,0
-37.7512042,19.51269774,0,,26.4172589,-11.02316625,0,,64.1684631,-30.53586399,0
-37.81820796,19.5090609,0,,26.03865134,-10.85461161,0,,63.8568593,-30.36367251,0
-37.87475275,19.51151734,0,,25.5945461,-10.6675793,0,,63.46929885,-30.17909664,0
-37.91810036,19.53060005,0,,25.08235053,-10.46512898,0,,63.00045089,-29.99572903,0
-37.95308794,19.53549256,0,,24.50959024,-10.24562352,0,,62.46267818,-29.78111608,0
-37.97550311,19.53999792,0,,23.8884706,-10.01817128,0,,61.86397371,-29.5581692,0
-37.98896382,19.53112527,0,,23.23555865,-9.795343597,0,,61.22452247,-29.32646887,0
-37.97967683,19.51519443,0,,22.56445615,-9.580201606,0,,60.54413298,-29.09539604,0
-37.9480501,19.49678837,0,,21.88482441,-9.375440158,0,,59.83287451,-28.87222853,0
-37.89515322,19.46379503,0,,21.1948319,-9.172286291,0,,59.08998512,-28.63608132,0
-37.84181407,19.42243929,0,,20.47981508,-8.965697707,0,,58.32162915,-28.388137,0
-37.79026656,19.3601954,0,,19.73030048,-8.739898501,0,,57.52056704,-28.1000939,0
-37.74297038,19.29982854,0,,18.93939506,-8.511501244,0,,56.68236544,-27.81132978,0
-37.70157399,19.2092532,0,,18.10430105,-8.268812303,0,,55.80587504,-27.4780655,0
-37.66072076,19.09771778,0,,17.22964459,-8.016190997,0,,54.89036535,-27.11390878,0
-37.61892131,19.03453663,0,,16.33280958,-7.782971212,0,,53.95173089,-26.81750784,0
-37.58214773,18.98911711,0,,15.45073203,-7.560196723,0,,53.03287976,-26.54931383,0
-37.55522532,18.95606391,0,,14.60992193,-7.370622889,0,,52.16514725,-26.3266868,0
-37.54035658,18.91192292,0,,13.81503912,-7.20849739,0,,51.3553957,-26.12042031,0
-37.53145847,18.84670998,0,,13.04481428,-7.053428308,0,,50.57627275,-25.90013829,0
-37.51279117,18.74351214,0,,12.26735555,-6.87391589,0,,49.78014672,-25.61742803,0
-37.48279982,18.61431384,0,,11.45919709,-6.676020663,0,,48.94199691,-25.2903345,0
-37.45028954,18.46318452,0,,10.60132847,-6.457177848,0,,48.05161801,-24.92036237,0
-37.41545928,18.34320806,0,,9.691936707,-6.24776637,0,,47.10739599,-24.59097443,0
-37.39082637,18.28751502,0,,8.736338559,-6.069530958,0,,46.12716493,-24.35704598,0
-37.38466361,18.28623544,0,,7.75433412,-5.918780005,0,,45.13899773,-24.20501545,0
-37.40306126,18.32192981,0,,6.792685932,-5.794307054,0,,44.19574719,-24.11623686,0
-37.45511886,18.35540148,0,,5.883653905,-5.696189481,0,,43.33877277,-24.05159096,0
-37.54312499,18.33720704,0,,5.014225655,-5.600930005,0,,42.55735065,-23.93813705,0
-37.66639982,18.26632464,0,,4.159258991,-5.486164588,0,,41.82565881,-23.75248923,0
-37.79092529,18.16418521,0,,3.289052921,-5.343438545,0,,41.07997821,-23.50762376,0
-37.89899821,18.03005599,0,,2.380479412,-5.172682565,0,,40.27947762,-23.20273856,0
-37.97457199,17.89070958,0,,1.426914486,-4.983914326,0,,39.40148648,-22.87462391,0
-38.0161179,17.78028517,0,,0.435012716,-4.790303378,0,,38.45113062,-22.57058855,0
-38.02306566,17.73233886,0,,-0.567569969,-4.613176502,0,,37.45549569,-22.34551536,0
-38.01084934,17.74749901,0,,-1.5494501,-4.467603006,0,,36.46139924,-22.21510202,0
-38.0080707,17.78161912,0,,-2.496880725,-4.354805023,0,,35.51118998,-22.13642414,0
-38.04225244,17.81071432,0,,-3.418302899,-4.281009047,0,,34.62394954,-22.09172337,0
-38.11748924,17.83048322,0,,-4.335407362,-4.238353681,0,,33.78208188,-22.0688369,0
-38.21558351,17.82049766,0,,-5.266171948,-4.193596312,0,,32.94941156,-22.01409397,0
-38.33116571,17.80051912,0,,-6.230189396,-4.140786271,0,,32.10097631,-21.94130539,0
-38.45054471,17.79101775,0,,-7.236647544,-4.085063328,0,,31.21389717,-21.87608108,0
-38.55474768,17.79101898,0,,-8.278910039,-4.016499956,0,,30.27583764,-21.80751894,0
-38.6304135,17.81249964,0,,-9.341777056,-3.94346645,0,,29.28863644,-21.75596609,0
-38.67088095,17.86594879,0,,-10.40192364,-3.88082593,0,,28.26895731,-21.74677472,0
-38.6828938,17.93415398,0,,-11.42858824,-3.826499942,0,,27.25430556,-21.76065392,0
-38.68138228,17.99844393,0,,-12.4065651,-3.781509196,0,,26.27481718,-21.77995313,0
-38.67835979,18.01539508,0,,-13.33354492,-3.737403367,0,,25.34481487,-21.75279845,0
-38.68711249,18.0057104,0,,-14.22857242,-3.70177428,0,,24.45854007,-21.70748468,0
-38.71118473,17.97116493,0,,-15.11686584,-3.67034424,0,,23.59431889,-21.64150917,0
-38.75004145,17.93345675,0,,-16.01581651,-3.634642539,0,,22.73422494,-21.56809929,0
-38.80331108,17.89634238,0,,-16.93545254,-3.591116487,0,,21.86785854,-21.48745887,0
-38.86449761,17.87729819,0,,-17.87996366,-3.554908845,0,,20.98453395,-21.43220704,0
-38.92637143,17.88159482,0,,-18.83727667,-3.521372676,0,,20.08909476,-21.4029675,0
-38.9921495,17.90279602,0,,-19.78046664,-3.497822981,0,,19.21168286,-21.400619,0
-39.05966431,17.93345376,0,,-20.68284543,-3.477457115,0,,18.37681888,-21.41091088,0
-39.13537257,17.96180213,0,,-21.55400053,-3.448284659,0,,17.58137204,-21.41008679,0
-39.21530813,17.96918451,0,,-22.39967769,-3.41946946,0,,16.81563044,-21.38865397,0
-39.29435044,17.93556757,0,,-23.23982081,-3.361734806,0,,16.05452963,-21.29730238,0
-39.36249983,17.87752529,0,,-24.08223342,-3.283584041,0,,15.28026641,-21.16110933,0
-39.41186721,17.788491,0,,-24.93434592,-3.166554385,0,,14.47752129,-20.95504539,0
-39.4385187,17.69901034,0,,-25.79040049,-3.029506608,0,,13.64811821,-20.72851695,0
-39.44846503,17.60264297,0,,-26.65194738,-2.877372509,0,,12.79651765,-20.48001548,0
-39.44655807,17.5151386,0,,-27.50838245,-2.722196083,0,,11.93817562,-20.23733468,0
-39.44184993,17.43801416,0,,-28.34644196,-2.579656126,0,,11.09540797,-20.01767029,0
-39.44527352,17.3574975,0,,-29.16234782,-2.437082344,0,,10.2829257,-19.79457984,0
-39.46092808,17.26885209,0,,-29.95891867,-2.282172876,0,,9.50200941,-19.55102497,0
-39.48394859,17.18030494,0,,-30.75004645,-2.118192698,0,,8.73390214,-19.29849764,0
-39.50893607,17.08287661,0,,-31.54460321,-1.934527917,0,,7.96433286,-19.01740453,0
-39.52567119,16.98652055,0,,-32.34306435,-1.72979248,0,,7.18260684,-18.71631303,0
-39.5332593,16.8667417,0,,-33.14362387,-1.491778766,0,,6.38963543,-18.35852047,0
-39.52788564,16.72237204,0,,-33.93466464,-1.233897088,0,,5.593221,-17.95626913,0
-39.50971735,16.54967266,0,,-34.71554165,-0.944545849,0,,4.7941757,-17.49421851,0
-39.47433878,16.35099655,0,,-35.47333155,-0.65347287,0,,4.00100723,-17.00446942,0
-39.42116752,16.11144761,0,,-36.2041669,-0.337073824,0,,3.21700062,-16.44852143,0
-39.34450122,15.83446252,0,,-36.88878878,-0.000526607,0,,2.45571244,-15.83498913,0
-39.24313608,15.52178781,0,,-37.53168045,0.376152579,0,,1.71145563,-15.14563523,0
-39.13041507,15.18838018,0,,-38.14486093,0.783927031,0,,0.98555414,-14.40445315,0
-39.02194048,14.86022248,0,,-38.74683269,1.182701235,0,,0.27510779,-13.67752125,0
-38.93002307,14.56012949,0,,-39.35660188,1.572926969,0,,-0.42657881,-12.98720252,0
-38.85275764,14.2782226,0,,-39.98120182,1.952442196,0,,-1.12844418,-12.3257804,0
-38.77768,14.03767474,0,,-40.62273657,2.302749661,0,,-1.84505657,-11.73492508,0
-38.69083873,13.93435771,0,,-41.2757829,2.553143053,0,,-2.58494417,-11.38121466,0
-38.58097468,14.0694968,0,,-41.92316942,2.625338122,0,,-3.34219474,-11.44415868,0
-38.44436573,14.34262182,0,,-42.53599645,2.581144918,0,,-4.09163072,-11.7614769,0
-38.29912366,14.61040462,0,,-43.1022673,2.555377872,0,,-4.80314364,-12.05502675,0
-38.16085278,14.80255452,0,,-43.63509864,2.608290165,0,,-5.47424586,-12.19426436,0
-38.0347628,14.90724678,0,,-44.15108954,2.732174622,0,,-6.11632674,-12.17507216,0
-37.92142015,14.94885903,0,,-44.66023539,2.902256697,0,,-6.73881524,-12.04660233,0
-37.81816186,14.98139484,0,,-45.16635847,3.062485104,0,,-7.34819661,-11.91890974,0
-37.71528935,15.06236211,0,,-45.66101683,3.171460889,0,,-7.94572748,-11.89090122,0
-37.60048427,15.18808561,0,,-46.13491717,3.235120597,0,,-8.5344329,-11.95296501,0
-37.4721686,15.35444424,0,,-46.58075966,3.284644361,0,,-9.10859106,-12.06979988,0
-37.3354624,15.55364916,0,,-46.99561903,3.318668238,0,,-9.66015663,-12.23498092,0
-37.19094795,15.75614333,0,,-47.37904809,3.359637208,0,,-10.18810014,-12.39650612,0
-37.05437768,15.9430654,0,,-47.73819401,3.415691953,0,,-10.68381633,-12.52737345,0
-36.93420383,16.08118905,0,,-48.07651383,3.505006457,0,,-11.14231,-12.57618259,0
-36.83211588,16.18627114,0,,-48.39260317,3.614088394,0,,-11.56048729,-12.57218275,0
-36.75129632,16.27174533,0,,-48.68515187,3.725630849,0,,-11.93385555,-12.54611448,0
-36.69127541,16.34650161,0,,-48.94777396,3.848987196,0,,-12.25649855,-12.49751441,0
-36.64582688,16.42654013,0,,-49.17863637,3.960724404,0,,-12.53280949,-12.46581573,0
-36.60987679,16.53799218,0,,-49.37475499,4.046494909,0,,-12.7648782,-12.49149727,0
-36.57779795,16.67918228,0,,-49.5314692,4.109364473,0,,-12.95367125,-12.56981781,0
-36.54599121,16.84273259,0,,-49.64240272,4.145419396,0,,-13.09641151,-12.69731319,0
-36.51659541,17.01810702,0,,-49.70839627,4.167304435,0,,-13.19180086,-12.85080259,0
-36.49737498,17.17721108,0,,-49.73742557,4.195667256,0,,-13.24005059,-12.98154382,0
-36.4940559,17.31467266,0,,-49.73367647,4.2389828,0,,-13.23962057,-13.07568986,0
-36.50246541,17.44525107,0,,-49.70222095,4.27608036,0,,-13.19975554,-13.16917071,0
-36.52159792,17.5840113,0,,-49.64163348,4.299658105,0,,-13.12003556,-13.2843532,0
-36.55124171,17.73226659,0,,-49.54291041,4.309588508,0,,-12.9916687,-13.42267808,0
-36.59133108,17.87228947,0,,-49.39813596,4.309317362,0,,-12.80680488,-13.56297211,0
-36.6438268,17.99518619,0,,-49.20959028,4.313797545,0,,-12.56576348,-13.68138865,0
-36.71179908,18.08633324,0,,-48.9781786,4.322997178,0,,-12.26637952,-13.76333606,0
-36.7904444,18.166209,0,,-48.69512008,4.326157773,0,,-11.90467568,-13.84005123,0
-36.87414163,18.24856639,0,,-48.36012482,4.313171208,0,,-11.48598319,-13.93539518,0
-36.95888129,18.33011808,0,,-47.97702542,4.299819927,0,,-11.01814413,-14.03029815,0
-37.04290007,18.42711462,0,,-47.5558647,4.265421263,0,,-10.51296463,-14.16169336,0
-37.13058432,18.5265255,0,,-47.10689217,4.23580717,0,,-9.97630785,-14.29071833,0
-37.22775326,18.61791065,0,,-46.63347414,4.204420642,0,,-9.40572088,-14.41349001,0
-37.33264259,18.69536306,0,,-46.13183266,4.165648354,0,,-8.79919007,-14.52971471,0
-37.44414799,18.74560599,0,,-45.59768268,4.136306937,0,,-8.15353469,-14.60929905,0
-37.5560362,18.7798094,0,,-45.0263204,4.098069915,0,,-7.4702842,-14.68173949,0
-37.66534219,18.78711212,0,,-44.4091526,4.058647203,0,,-6.74381041,-14.72846492,0
-37.77586032,18.75806979,0,,-43.74957641,4.020592725,0,,-5.97371609,-14.73747707,0
-37.88899116,18.72884334,0,,-43.05234259,3.968453564,0,,-5.16335143,-14.76038978,0
-38.00158737,18.6804125,0,,-42.31853731,3.924720704,0,,-4.31694994,-14.7556918,0
-38.11255957,18.62243195,0,,-41.55509254,3.871366652,0,,-3.44253297,-14.7510653,0
-38.21622251,18.57453855,0,,-40.75677986,3.809630063,0,,-2.54055735,-14.76490849,0
-38.31051096,18.55034823,0,,-39.92443726,3.72863462,0,,-1.6139263,-14.82171361,0
-38.3991344,18.55850949,0,,-39.06445539,3.622271826,0,,-0.66532099,-14.93623766,0
-38.48374,18.58512324,0,,-38.17568078,3.507222881,0,,0.30805922,-15.07790036,0
-38.56303979,18.6359981,0,,-37.24921441,3.371430262,0,,1.31382538,-15.26456784,0
-38.63487407,18.71524206,0,,-36.28092908,3.207954463,0,,2.35394499,-15.5072876,0
-38.69365416,18.82221078,0,,-35.25995996,3.019107959,0,,3.4336942,-15.80310282,0
-38.73734644,18.96309215,0,,-34.19606978,2.815368651,0,,4.54127666,-16.1477235,0
-38.76605813,19.12196977,0,,-33.09362577,2.597743741,0,,5.67243236,-16.52422603,0
-38.78088009,19.28354694,0,,-31.95600372,2.38090244,0,,6.82487637,-16.9026445,0
-38.7813148,19.43161764,0,,-30.79351163,2.175368349,0,,7.98780317,-17.25624929,0
-38.76647359,19.56228025,0,,-29.61671202,1.975026467,0,,9.14976157,-17.58725378,0
-38.73510255,19.68373337,0,,-28.4380083,1.800095615,0,,10.29709425,-17.88363776,0
-38.69631435,19.79308598,0,,-27.25987024,1.632240078,0,,11.43644411,-18.1608459,0
-38.65785376,19.89426955,0,,-26.08916113,1.487921939,0,,12.56869263,-18.40634761,0
-38.62250168,19.99392191,0,,-24.92307455,1.350443825,0,,13.69942713,-18.64347809,0
-38.59263417,20.08292461,0,,-23.7649959,1.245974733,0,,14.82763827,-18.83694988,0
-38.5696967,20.15946422,0,,-22.60901057,1.157906902,0,,15.96068613,-19.00155732,0
-38.54436373,20.23020826,0,,-21.45410101,1.087246804,0,,17.09026272,-19.14296146,0
-38.50984288,20.29895722,0,,-20.30482563,1.036520614,0,,18.20501725,-19.26243661,0
-38.46236371,20.3697615,0,,-19.15819665,0.985256502,0,,19.30416706,-19.384505,0
-38.40433451,20.44996321,0,,-18.01970772,0.928990239,0,,20.38462679,-19.52097297,0
-38.35076797,20.52583984,0,,-16.90697714,0.868506322,0,,21.44379083,-19.65733352,0
-38.30841343,20.61800094,0,,-15.82669661,0.789017817,0,,22.48171682,-19.82898312,0
-38.28968211,20.68416849,0,,-14.79282448,0.716278151,0,,23.49685763,-19.96789034,0
-38.29327366,20.72522414,0,,-13.79905244,0.648938561,0,,24.49422122,-20.07628558,0
-38.29940555,20.76759766,0,,-12.83644658,0.594930265,0,,25.46295897,-20.1726674,0
-38.30541561,20.82418757,0,,-11.88946997,0.5402303,0,,26.41594564,-20.28395727,0
-38.29794434,20.91378029,0,,-10.94914008,0.48760286,0,,27.34880426,-20.42617743,0
-38.28408604,21.01628426,0,,-10.01001955,0.428962307,0,,28.27406649,-20.58732195,0
-38.27036762,21.13048528,0,,-9.07402876,0.35935871,0,,29.19633886,-20.77112657,0
-38.26044358,21.22589365,0,,-8.146776797,0.291277512,0,,30.11366678,-20.93461614,0
-38.26072962,21.31458021,0,,-7.237250688,0.217193324,0,,31.02347893,-21.09738689,0
-38.27917569,21.39509227,0,,-6.348702813,0.141394804,0,,31.93047288,-21.25369747,0
-38.31326345,21.45603103,0,,-5.479000199,0.059451591,0,,32.83426325,-21.39657944,0
-38.35103289,21.52845366,0,,-4.625607643,-0.037195659,0,,33.72542525,-21.56564932,0
-38.387217,21.6155321,0,,-3.791649488,-0.130072455,0,,34.59556751,-21.74560456,0
-38.41202654,21.71689349,0,,-2.970540866,-0.233817158,0,,35.44148567,-21.95071065,0
-38.43163437,21.83569417,0,,-2.16078335,-0.343733604,0,,36.27085102,-22.17942777,0
-38.43326328,21.94852636,0,,-1.351832477,-0.452253958,0,,37.0814308,-22.40078032,0
-38.41743025,22.05049159,0,,-0.541952319,-0.553667406,0,,37.87547793,-22.604159,0
-38.38497009,22.1267138,0,,0.266772256,-0.638547332,0,,38.65174235,-22.76526113,0
-38.34620682,22.1915874,0,,1.069256285,-0.715248495,0,,39.41546311,-22.9068359,0
-38.30519535,22.25173722,0,,1.862591227,-0.789939323,0,,40.16778658,-23.04167654,0
-38.27268081,22.31246888,0,,2.634607255,-0.864696847,0,,40.90728807,-23.17716573,0
-38.24645181,22.39653721,0,,3.387129915,-0.955596645,0,,41.63358173,-23.35213386,0
-38.22132142,22.48038066,0,,4.125009671,-1.045351309,0,,42.34633109,-23.52573197,0
-38.18783198,22.55110857,0,,4.857395772,-1.137709178,0,,43.04522775,-23.68881775,0
-38.15233823,22.60567753,0,,5.581231294,-1.223067536,0,,43.73356952,-23.82874507,0
-38.10454316,22.66044089,0,,6.299573713,-1.312570975,0,,44.40411687,-23.97301187,0
-38.05081993,22.71782771,0,,7.015072122,-1.40188171,0,,45.06589205,-24.11970942,0
-37.98810433,22.77442366,0,,7.730575448,-1.502274222,0,,45.71867978,-24.27669788,0
-37.91421134,22.82864305,0,,8.454498978,-1.612589964,0,,46.36871032,-24.44123301,0
-37.83622237,22.87388045,0,,9.187430816,-1.727878442,0,,47.02365319,-24.60175889,0
-37.75937367,22.90706034,0,,9.920646281,-1.838027056,0,,47.68001995,-24.7450874,0
-37.68643744,22.94968283,0,,10.63964144,-1.95621308,0,,48.32607888,-24.90589591,0
-37.61861781,23.0036922,0,,11.32286282,-2.084856257,0,,48.94148063,-25.08854846,0
-37.55054586,23.07459908,0,,11.95964299,-2.219366596,0,,49.51018885,-25.29396568,0
-37.4940597,23.13073501,0,,12.55294932,-2.348624447,0,,50.04700902,-25.47935946,0
-37.45377418,23.18598997,0,,13.11311974,-2.468615253,0,,50.56689392,-25.65460522,0
-37.41544768,23.25794841,0,,13.65540442,-2.595322385,0,,51.0708521,-25.8532708,0
-37.38107893,23.32781684,0,,14.18438271,-2.715336828,0,,51.56546164,-26.04315367,0
-37.34843876,23.40243227,0,,14.70948613,-2.839384139,0,,52.05792489,-26.24181641,0
-37.30917407,23.47413606,0,,15.23415032,-2.962265724,0,,52.54332439,-26.43640178,0
-37.26746052,23.51688742,0,,15.75736999,-3.081276369,0,,53.02483051,-26.59816379,0
-37.2192086,23.53989218,0,,16.27156625,-3.201937663,0,,53.49077485,-26.74182984,0
-37.16327183,23.56137344,0,,16.76586288,-3.322241585,0,,53.92913471,-26.88361503,0
-37.10081575,23.55684748,0,,17.22800579,-3.428596582,0,,54.32882154,-26.98544406,0
-37.03174727,23.57381815,0,,17.6471079,-3.544978361,0,,54.67885517,-27.11879651,0
-36.95884851,23.58774693,0,,18.01599224,-3.64645172,0,,54.97484075,-27.23419865,0
-36.88372261,23.60281417,0,,18.33530329,-3.738138906,0,,55.2190259,-27.34095308,0
-36.81507006,23.60399232,0,,18.61136039,-3.818735473,0,,55.42643045,-27.42272779,0
-36.7553205,23.61297064,0,,18.84314279,-3.887026485,0,,55.59846329,-27.49999713,0
-36.69290159,23.61083959,0,,19.03777907,-3.934282952,0,,55.73068066,-27.54512254,0
-36.63458111,23.60097256,0,,19.21359809,-3.96862803,0,,55.8481792,-27.56960059,0
-36.58221495,23.57456345,0,,19.36732092,-3.987638808,0,,55.94953587,-27.56220226,0
-36.53171288,23.54031752,0,,19.49601365,-4.001922428,0,,56.02772653,-27.54223995,0
-36.48635122,23.51303119,0,,19.59337151,-4.005850576,0,,56.07972273,-27.51888177,0
-36.44775077,23.45457992,0,,19.65349867,-3.980497184,0,,56.10124944,-27.4350771,0
-36.4235163,23.42787404,0,,19.66541797,-3.957089333,0,,56.08893427,-27.38496337,0
-36.41196121,23.39722647,0,,19.62033123,-3.918143142,0,,56.03229244,-27.31536961,0
-36.41457738,23.37763652,0,,19.51287299,-3.869544108,0,,55.92745037,-27.24718063,0
-36.42380366,23.35480918,0,,19.3395968,-3.79677887,0,,55.76340046,-27.15158805,0
-36.43606226,23.34042756,0,,19.10669838,-3.708117277,0,,55.54276064,-27.04854484,0
-36.45216319,23.32704652,0,,18.82470662,-3.600513232,0,,55.27686981,-26.92755975,0
-36.46810906,23.32562528,0,,18.50477688,-3.488204335,0,,54.97288594,-26.81382962,0
-36.48407747,23.30938747,0,,18.16070726,-3.365581214,0,,54.64478473,-26.67496868,0
-36.49549448,23.28452285,0,,17.80462536,-3.227594241,0,,54.30011984,-26.51211709,0
-36.50052896,23.25882169,0,,17.43642255,-3.084923784,0,,53.93695151,-26.34374547,0
-36.49390744,23.22536907,0,,17.04358958,-2.930892421,0,,53.53749702,-26.15626149,0
-36.48445236,23.18135131,0,,16.62083249,-2.766685774,0,,53.10528485,-25.94803708,0
-36.4768758,23.12272207,0,,16.16267995,-2.596377958,0,,52.63955575,-25.71910003,0
-36.47525926,23.0620725,0,,15.66117584,-2.425592165,0,,52.1364351,-25.48766467,0
-36.48657651,23.00565343,0,,15.10674093,-2.253612473,0,,51.59331744,-25.2592659,0
-36.51280839,22.97334733,0,,14.4907372,-2.084268166,0,,51.00354559,-25.0576155,0
-36.55683282,22.95114332,0,,13.82188369,-1.918873521,0,,50.37871651,-24.87001684,0
-36.61758131,22.91495412,0,,13.12396153,-1.758042203,0,,49.74154284,-24.67299632,0
-36.68421567,22.87582612,0,,12.43092857,-1.607031185,0,,49.11514424,-24.48285731,0
-36.73747732,22.8309103,0,,11.76642722,-1.454093693,0,,48.50390454,-24.28500399,0
-36.76409884,22.8153749,0,,11.12764484,-1.303504335,0,,47.89174368,-24.11887924,0
-36.7698208,22.80141761,0,,10.49910522,-1.154237232,0,,47.26892602,-23.95565484,0
-36.76471076,22.72647366,0,,9.860211256,-0.986903658,0,,46.62492202,-23.71337732,0
-36.75523181,22.60810556,0,,9.195134657,-0.814141572,0,,45.95036647,-23.42224713,0
-36.75173305,22.47328627,0,,8.488030872,-0.631309212,0,,45.23976392,-23.10459548,0
-36.7603756,22.36130076,0,,7.728042084,-0.459915652,0,,44.48841768,-22.82121641,0
-36.78967252,22.28258897,0,,6.901077016,-0.298592288,0,,43.69074954,-22.58118126,0
-36.84659395,22.22968005,0,,6.004513944,-0.15878249,0,,42.85110789,-22.38846254,0
-36.92428715,22.21204846,0,,5.052789118,-0.049994055,0,,41.97707627,-22.26204252,0
-37.01649973,22.20283486,0,,4.077203371,0.029622468,0,,41.0937031,-22.17321239,0
-37.12782319,22.19854984,0,,3.112148165,0.084288492,0,,40.23997136,-22.11426135,0
-37.24280671,22.1909642,0,,2.174126287,0.129368028,0,,39.416933,-22.06159617,0
-37.35688516,22.16476041,0,,1.26194524,0.173970889,0,,38.6188304,-21.99078952,0
-37.45771029,22.12162759,0,,0.36699205,0.22215204,0,,37.82470234,-21.89947555,0
-37.55252883,22.0563588,0,,-0.532396591,0.274818548,0,,37.02013224,-21.78154025,0
-37.63514826,21.99991684,0,,-1.44859646,0.32839579,0,,36.1865518,-21.67152105,0
-37.7216881,21.94315729,0,,-2.388952715,0.375672533,0,,35.33273539,-21.56748476,0
-37.81515804,21.90575367,0,,-3.362079865,0.401283116,0,,34.45307818,-21.50447055,0
-37.91205326,21.89105109,0,,-4.36623512,0.411650601,0,,33.54581814,-21.47940049,0
-38.01611557,21.91979193,0,,-5.389695134,0.384115656,0,,32.62642044,-21.53567627,0
-38.13395607,21.96868146,0,,-6.408945476,0.324808104,0,,31.72501059,-21.64387336,0
-38.26682112,22.01663538,0,,-7.403580764,0.241818983,0,,30.86324036,-21.7748164,0
-38.42850964,22.06850588,0,,-8.375309137,0.14971957,0,,30.0532005,-21.91878631,0
-38.61019446,22.11681969,0,,-9.32119743,0.048948467,0,,29.28899703,-22.06787122,0
-38.80136602,22.14797689,0,,-10.25319382,-0.039430123,0,,28.5481722,-22.18740701,0
-38.99637794,22.15668036,0,,-11.1903015,-0.117068738,0,,27.80607644,-22.2737491,0
-39.19090576,22.14447895,0,,-12.14015377,-0.17946169,0,,27.05075199,-22.32394064,0
-39.3780897,22.13911794,0,,-13.11409059,-0.242867886,0,,26.26399911,-22.38198583,0
-39.5582378,22.13298991,0,,-14.11148821,-0.299375509,0,,25.44674959,-22.43236542,0
-39.72216434,22.13279143,0,,-15.11375814,-0.363711812,0,,24.6084062,-22.49650324,0
-39.87421457,22.16155172,0,,-16.0981162,-0.450464907,0,,23.77609837,-22.61201663,0
-40.01853615,22.1989274,0,,-17.03558892,-0.542783649,0,,22.98294723,-22.74171105,0
-40.16361279,22.22433369,0,,-17.91726288,-0.634044454,0,,22.24634991,-22.85837814,0
-40.31579011,22.20915301,0,,-18.75304353,-0.70475898,0,,21.56274658,-22.91391199,0
-40.471719,22.15362387,0,,-19.55948831,-0.751788273,0,,20.91223069,-22.90541214,0
-40.62010874,22.05506721,0,,-20.36135665,-0.766917534,0,,20.25875209,-22.82198474,0
-40.75746296,21.92286961,0,,-21.1760516,-0.753125942,0,,19.58141136,-22.67599555,0
-40.89078838,21.74919896,0,,-22.01751401,-0.697775828,0,,18.87327437,-22.44697479,0
-41.01937406,21.56195302,0,,-22.88337579,-0.611599212,0,,18.13599827,-22.17355223,0
-41.14270242,21.37259264,0,,-23.76120895,-0.521351554,0,,17.38149347,-21.89394419,0
-41.25574704,21.20369818,0,,-24.62897603,-0.434706577,0,,16.62677101,-21.63840476,0
-41.36467127,21.04962841,0,,-25.46644795,-0.348033146,0,,15.89822332,-21.39766156,0
-41.48041265,20.91243465,0,,-26.26558126,-0.257275843,0,,15.21483139,-21.16971049,0
-41.60392357,20.77284948,0,,-27.02518882,-0.155106314,0,,14.57873475,-20.92795579,0
-41.73467973,20.63793038,0,,-27.75433504,-0.030640012,0,,13.98034469,-20.66857039,0
-41.86940572,20.50858333,0,,-28.46273998,0.107540339,0,,13.40666574,-20.40104299,0
-42.01013098,20.39141265,0,,-29.15828411,0.265541558,0,,12.85184687,-20.12587109,0
-42.16056401,20.27053963,0,,-29.85082861,0.456389507,0,,12.3097354,-19.81415012,0
-42.30811763,20.16164977,0,,-30.52891812,0.651007245,0,,11.77919951,-19.51064253,0
-42.44744497,20.05920364,0,,-31.19179943,0.862898567,0,,11.25564554,-19.19630507,0
-42.57177818,19.96239479,0,,-31.82984499,1.089287012,0,,10.74193319,-18.87310778,0
-42.67220724,19.85565926,0,,-32.42188344,1.313878198,0,,10.2503238,-18.54178106,0
-42.74789771,19.73937568,0,,-32.95769391,1.550492662,0,,9.7902038,-18.18888302,0
-42.80035536,19.59533574,0,,-33.43600459,1.814664109,0,,9.36435077,-17.78067163,0
-42.82303618,19.41788432,0,,-33.8613683,2.116752783,0,,8.96166788,-17.30113154,0
-42.81370019,19.20526176,0,,-34.238135,2.463094978,0,,8.57556519,-16.74216678,0
-42.7753523,18.96025761,0,,-34.57741427,2.840234209,0,,8.19793803,-16.1200234,0
-42.72729361,18.69878447,0,,-34.89918436,3.213517027,0,,7.82810925,-15.48526744,0
-42.68928757,18.49776117,0,,-35.23559163,3.525470071,0,,7.45369594,-14.9722911,0
-42.67581092,18.46777206,0,,-35.60644372,3.680077497,0,,7.0693672,-14.78769456,0
-42.67337893,18.55618088,0,,-35.99617599,3.721403851,0,,6.67720294,-14.83477703,0
-42.65935841,18.64362465,0,,-36.37515461,3.77862803,0,,6.2842038,-14.86499662,0
-42.62237656,18.68585917,0,,-36.72141072,3.869101155,0,,5.90096584,-14.81675802,0
-42.56541655,18.70037173,0,,-37.04240228,3.984256436,0,,5.52301427,-14.71611529,0
-42.50303723,18.69708812,0,,-37.35816842,4.103325869,0,,5.14486881,-14.59376225,0
-42.44746518,18.70634923,0,,-37.68350233,4.218232938,0,,4.76396285,-14.48811629,0
-42.3961856,18.72989086,0,,-38.01477583,4.309472208,0,,4.38140977,-14.42041865,0
-42.34629009,18.74914888,0,,-38.34850664,4.396187103,0,,3.99778345,-14.35296178,0
-42.29256163,18.77777177,0,,-38.67876836,4.478800249,0,,3.61379327,-14.29897152,0
-42.23918467,18.80571213,0,,-39.00436089,4.544666756,0,,3.23482378,-14.26104537,0
-42.17307411,18.8530847,0,,-39.30849585,4.594367923,0,,2.86457826,-14.25871678,0
-42.09490704,18.93755028,0,,-39.58119906,4.593971812,0,,2.51370798,-14.34357847,0
-42.00983002,19.01307288,0,,-39.82750616,4.57785574,0,,2.18232386,-14.43521714,0
-41.91636093,19.08342496,0,,-40.05348233,4.580060981,0,,1.8628786,-14.50336398,0
-41.82222397,19.1439722,0,,-40.27022257,4.585888476,0,,1.5520014,-14.55808372,0
-41.73062559,19.20087195,0,,-40.49150438,4.59464725,0,,1.23912121,-14.6062247,0
-41.6430571,19.23708891,0,,-40.72852073,4.607419909,0,,0.91453637,-14.629669,0
-41.54456802,19.26503724,0,,-40.97207358,4.631347914,0,,0.57249444,-14.63368933,0
-41.43245805,19.29897007,0,,-41.21928076,4.668388168,0,,0.21317729,-14.6305819,0
-41.31079454,19.36413542,0,,-41.46079935,4.686191063,0,,-0.15000481,-14.67794436,0
-41.17859644,19.44374234,0,,-41.69626565,4.702113569,0,,-0.51766921,-14.74162877,0
-41.04062305,19.5476617,0,,-41.93272689,4.699078357,0,,-0.89210384,-14.84858334,0
-40.90051906,19.64213853,0,,-42.16773458,4.694288488,0,,-1.26721552,-14.94785004,0
-40.76127866,19.71597515,0,,-42.4039595,4.685219328,0,,-1.64268084,-15.03075582,0
-40.62500409,19.76348049,0,,-42.63946027,4.684895744,0,,-2.01445618,-15.07858475,0
-40.49520566,19.8096074,0,,-42.87438537,4.674649577,0,,-2.37917971,-15.13495782,0
-40.37661019,19.86374251,0,,-43.104672,4.678939709,0,,-2.72806181,-15.1848028,0
-40.2700991,19.91576026,0,,-43.32487429,4.690975312,0,,-3.05477519,-15.22478495,0
-40.1754977,19.98451512,0,,-43.53230659,4.69537154,0,,-3.35680889,-15.28914358,0
-40.08818156,20.03028762,0,,-43.72084189,4.718746487,0,,-3.63266033,-15.31154113,0
-40.00409303,20.08776425,0,,-43.88647681,4.734842816,0,,-3.88238378,-15.35292143,0
-39.92088701,20.1516253,0,,-44.03063861,4.752232992,0,,-4.1097516,-15.39939231,0
-39.8407305,20.21170698,0,,-44.15406501,4.773511326,0,,-4.31333451,-15.43819565,0
-39.7643285,20.26736972,0,,-44.25337522,4.78819311,0,,-4.48904672,-15.47917661,0
-39.69364197,20.30491091,0,,-44.32516471,4.80429755,0,,-4.63152274,-15.50061336,0
-39.63097366,20.32398199,0,,-44.36801381,4.82640623,0,,-4.73704015,-15.49757576,0
-39.57704235,20.34209762,0,,-44.37460724,4.836453465,0,,-4.79756489,-15.50564416,0
-39.53209152,20.35608317,0,,-44.34248651,4.835539618,0,,-4.81039499,-15.52054355,0
-39.50095004,20.35871899,0,,-44.27630854,4.838775482,0,,-4.7753585,-15.51994351,0
-39.48247971,20.364808,0,,-44.17739499,4.835649287,0,,-4.69491528,-15.52915871,0
-39.47445411,20.37137981,0,,-44.04677001,4.833301089,0,,-4.5723159,-15.53807872,0
-39.47673494,20.37441033,0,,-43.88694539,4.832406796,0,,-4.41021045,-15.54200353,0
-39.48480152,20.37571212,0,,-43.69616333,4.835503766,0,,-4.21136181,-15.54020835,0
-39.49649912,20.37345052,0,,-43.47210614,4.841845729,0,,-3.97560702,-15.53160479,0
-39.51023137,20.38270947,0,,-43.21361403,4.839036669,0,,-3.70338266,-15.5436728,0
-39.52955677,20.37978577,0,,-42.91969307,4.838726274,0,,-3.3901363,-15.5410595,0
-39.55609604,20.36398891,0,,-42.58656021,4.842314011,0,,-3.03046417,-15.5216749,0
-39.59379276,20.33554164,0,,-42.21947976,4.851158999,0,,-2.625687,-15.48438264,0
-39.641444,20.28900236,0,,-41.81694568,4.871738717,0,,-2.17550168,-15.41726364,0
-39.69773901,20.24010073,0,,-41.38402942,4.883019814,0,,-1.68629041,-15.35708092,0
-39.75732401,20.19373801,0,,-40.92822281,4.89185436,0,,-1.1708988,-15.30188365,0
-39.8095169,20.14386614,0,,-40.45049568,4.913346797,0,,-0.64097878,-15.23051934,0
-39.84408688,20.12762299,0,,-39.93812748,4.917724837,0,,-0.0940406,-15.20989815,0
-39.86520694,20.1182525,0,,-39.39302774,4.930201204,0,,0.4721792,-15.1880513,0
-39.87462725,20.12140965,0,,-38.80698766,4.937569815,0,,1.06763959,-15.18383984,0
-39.88004594,20.10476644,0,,-38.18327099,4.962560752,0,,1.69677495,-15.14220569,0
-39.8841596,20.05731974,0,,-37.51558585,4.990194115,0,,2.36857375,-15.06712563,0
-39.88981264,19.99343206,0,,-36.79783365,5.01516361,0,,3.09197899,-14.97826845,0
-39.89959154,19.90624027,0,,-36.02606501,5.038733799,0,,3.87352653,-14.86750647,0
-39.91126881,19.7990574,0,,-35.20114847,5.05737641,0,,4.71012034,-14.74168099,0
-39.92632888,19.68003374,0,,-34.32769949,5.063713439,0,,5.59862939,-14.6163203,0
-39.93934191,19.54277035,0,,-33.40177331,5.078070395,0,,6.5375686,-14.46469996,0
-39.94606323,19.41472014,0,,-32.42346673,5.096272271,0,,7.5225965,-14.31844787,0
-39.9386765,19.28516485,0,,-31.38674654,5.115937092,0,,8.55192996,-14.16922776,0
-39.91539745,19.15861145,0,,-30.30197904,5.143965948,0,,9.61341841,-14.0146455,0
-39.86919642,19.06201539,0,,-29.17796828,5.170312467,0,,10.69122814,-13.89170292,0
-39.80819593,19.02542567,0,,-28.02631548,5.16299296,0,,11.78188045,-13.86243271,0
-39.7379587,19.03531578,0,,-26.8510895,5.121915022,0,,12.8868692,-13.91340076,0
-39.66111622,19.06056109,0,,-25.65397604,5.066208676,0,,14.00714018,-13.99435241,0
-39.57912649,19.06407239,0,,-24.44917456,5.033795239,0,,15.12995193,-14.03027715,0
-39.50593483,19.01437356,0,,-23.24445388,5.036571812,0,,16.26148095,-13.97780175,0
-39.44316763,18.95549287,0,,-22.04858285,5.058951269,0,,17.39458478,-13.8965416,0
-39.39413603,18.89987564,0,,-20.86544614,5.083953473,0,,18.52868989,-13.81592217,0
-39.35089216,18.87961587,0,,-19.69343487,5.109048421,0,,19.65745729,-13.77056745,0
-39.31273366,18.89220963,0,,-18.52129007,5.131692656,0,,20.79144359,-13.76051697,0
-39.27487784,18.93182258,0,,-17.34193672,5.140039479,0,,21.93294112,-13.7917831,0
-39.2328686,18.99721658,0,,-16.15878369,5.126800972,0,,23.07408491,-13.87041561,0
-39.18545444,19.09567315,0,,-14.98234621,5.096505221,0,,24.20310823,-13.99916793,0
-39.12627061,19.22032847,0,,-13.8126735,5.038438462,0,,25.31359711,-14.18189001,0
-39.05382298,19.33849786,0,,-12.65791474,4.975158303,0,,26.39590824,-14.36333956,0
-38.96786233,19.43332595,0,,-11.5240733,4.925850233,0,,27.44378903,-14.50747572,0
-38.86033246,19.50041432,0,,-10.39015963,4.887906974,0,,28.47017283,-14.61250735,0
-38.73502319,19.58290259,0,,-9.261896882,4.835512368,0,,29.47312631,-14.74739022,0
-38.60568442,19.68947121,0,,-8.161219369,4.776691249,0,,30.44446505,-14.91277996,0
-38.48954494,19.80494229,0,,-7.078208114,4.704787855,0,,31.41133683,-15.10015444,0
-38.39430487,19.91863718,0,,-5.999527172,4.619955154,0,,32.3947777,-15.29868203,0
-38.3078706,20.03720518,0,,-4.913059611,4.525741184,0,,33.39481099,-15.511464,0
-38.22705015,20.15037389,0,,-3.818694623,4.420115619,0,,34.40835553,-15.73025827,0
-38.1401972,20.26523567,0,,-2.726312837,4.310022917,0,,35.41388436,-15.95521275,0
-38.0446479,20.38115453,0,,-1.656830546,4.193807518,0,,36.38781735,-16.18734701,0
-37.9390859,20.48702831,0,,-0.620901642,4.081176851,0,,37.31818426,-16.40585146,0
-37.80694988,20.53080003,0,,0.378593065,4.012180586,0,,38.18554295,-16.51861944,0
-37.64426483,20.57038335,0,,1.366074221,3.941763604,0,,39.01033905,-16.62861975,0
-37.53710414,20.59404466,0,,2.360978575,3.868718915,0,,39.89808272,-16.72532575,0
-37.47293868,20.62662273,0,,3.339930128,3.781016095,0,,40.81286881,-16.84560664,0
-37.36697602,20.71892316,0,,4.311910937,3.659595436,0,,41.67888696,-17.05932772,0
-37.20198111,20.83711712,0,,5.297463456,3.52870764,0,,42.49944457,-17.30840948,0
-37.06469345,20.88210611,0,,6.293864735,3.421205434,0,,43.35855819,-17.46090068,0
-36.96858767,20.85400413,0,,7.291937808,3.334864819,0,,44.26052548,-17.51913931,0
-36.8738762,20.83399775,0,,8.273681961,3.238685788,0,,45.14755816,-17.59531196,0
-36.75998682,20.85891954,0,,9.22621784,3.123046082,0,,45.98620466,-17.73587346,0
-36.62560928,20.91598077,0,,10.15085212,2.997669097,0,,46.7764614,-17.91831167,0
-36.47753996,20.99584375,0,,11.04907713,2.850563773,0,,47.52661709,-18.14527998,0
-36.32355156,21.07762233,0,,11.90748484,2.702993761,0,,48.2310364,-18.37462857,0
-36.17356069,21.18714857,0,,12.73211068,2.542098592,0,,48.90567137,-18.64504998,0
-36.04725535,21.25505751,0,,13.52443167,2.403675891,0,,49.57168702,-18.85138162,0
-35.91824101,21.35722002,0,,14.28871688,2.257248797,0,,50.20695789,-19.09997122,0
-35.79185602,21.43395699,0,,15.03919512,2.128199181,0,,50.83105114,-19.30575781,0
-35.6844448,21.4595957,0,,15.77739981,2.022956417,0,,51.46184461,-19.43663928,0
-35.57903654,21.46770559,0,,16.48860387,1.940873685,0,,52.06764041,-19.52683191,0
-35.45690511,21.53383919,0,,17.15581109,1.84652644,0,,52.6127162,-19.68731275,0
-35.35569705,21.6212363,0,,17.76359526,1.746837033,0,,53.11929231,-19.87439927,0
-35.26503804,21.77198234,0,,18.30482531,1.628546134,0,,53.56986335,-20.14343621,0
-35.15898834,22.07597135,0,,18.7877332,1.439311186,0,,53.94672154,-20.63666016,0
-35.10122274,22.33018171,0,,19.22302605,1.259124111,0,,54.32424879,-21.0710576,0
-35.06788271,22.44175674,0,,19.61876991,1.144291722,0,,54.68665262,-21.29746502,0
-34.9878993,22.53726231,0,,19.99252616,1.05092427,0,,54.98042546,-21.48633804,0
-34.88738998,22.65646511,0,,20.35023123,0.952157942,0,,55.23762121,-21.70430717,0
-34.77789162,22.76094879,0,,20.698617,0.856541148,0,,55.47650862,-21.90440764,0
-34.64403162,22.87392557,0,,21.04146776,0.752835876,0,,55.68549938,-22.12108969,0
-34.51315601,22.96995086,0,,21.36820709,0.650195796,0,,55.8813631,-22.31975506,0
-34.39440248,23.04287376,0,,21.66138631,0.552740544,0,,56.05578879,-22.49013322,0
-34.29847246,23.07638168,0,,21.90970799,0.461271375,0,,56.20818045,-22.61511031,0
-34.22506687,23.09196983,0,,22.10364639,0.37276425,0,,56.32871326,-22.71920558,0
-34.17501868,23.10739645,0,,22.24296366,0.293170803,0,,56.41798234,-22.81422565,0
-34.14824626,23.12605812,0,,22.3337446,0.216414343,0,,56.48199086,-22.90964378,0
-34.14020896,23.15011095,0,,22.37321996,0.136893189,0,,56.51342892,-23.01321776,0
-34.15120381,23.16373021,0,,22.36058368,0.071521088,0,,56.51178749,-23.09220912,0
-34.18092552,23.17402631,0,,22.2977884,0.008832158,0,,56.47871392,-23.16519415,0
-34.22514986,23.17458992,0,,22.18432136,-0.04438282,0,,56.40947122,-23.21897274,0
-34.27711102,23.19901618,0,,22.01338921,-0.071011816,0,,56.29050023,-23.270028,0
-34.33037828,23.2276138,0,,21.78543526,-0.077176531,0,,56.11581354,-23.30479033,0
-34.37932903,23.26049639,0,,21.50145758,-0.059309068,0,,55.88078661,-23.31980546,0
-34.42299266,23.29369404,0,,21.17342584,-0.02349655,0,,55.5964185,-23.31719059,0
-34.45776961,23.31693397,0,,20.8153272,0.035009161,0,,55.27309681,-23.28192481,0
-34.48417374,23.35128125,0,,20.43251316,0.091512433,0,,54.9166869,-23.25976882,0
-34.50460627,23.37699131,0,,20.00956878,0.158033531,0,,54.51417505,-23.21895778,0
-34.52878173,23.38695614,0,,19.53887713,0.226230208,0,,54.06765886,-23.16072593,0
-34.56744822,23.37940622,0,,19.006413,0.297733037,0,,53.57386122,-23.08167318,0
-34.6222171,23.36274664,0,,18.41700992,0.361168341,0,,53.03922702,-23.0015783,0
-34.6909533,23.34291332,0,,17.7634585,0.42641158,0,,52.4544118,-22.91650174,0
-34.77258532,23.32378478,0,,17.05596403,0.499154793,0,,51.82854935,-22.82462999,0
-34.85545739,23.32978504,0,,16.32541109,0.565982061,0,,51.18086848,-22.76380298,0
-34.93701038,23.32303567,0,,15.59220564,0.635361447,0,,50.52921602,-22.68767422,0
-35.00968471,23.33660773,0,,14.87509966,0.689077912,0,,49.88478437,-22.64752982,0
-35.0684207,23.33196022,0,,14.17740445,0.738062243,0,,49.24582515,-22.59389798,0
-35.11153329,23.31858567,0,,13.48743618,0.777757098,0,,48.59896947,-22.54082857,0
-35.15037866,23.30555418,0,,12.78342705,0.827905195,0,,47.93380571,-22.47764899,0
-35.20264644,23.27496907,0,,12.03334765,0.890750728,0,,47.23599409,-22.38421834,0
-35.27132325,23.25723219,0,,11.21449229,0.959675141,0,,46.48581554,-22.29755705,0
-35.35689318,23.26836989,0,,10.30831637,1.023738021,0,,45.66520955,-22.24463187,0
-35.44985637,23.2726488,0,,9.331219337,1.088344263,0,,44.78107571,-22.18430454,0
-35.53714633,23.3015516,0,,8.338749726,1.150708845,0,,43.87589606,-22.15084276,0
-35.62177283,23.33192557,0,,7.388735987,1.200083777,0,,43.01050882,-22.13184179,0
-35.71215235,23.34295591,0,,6.510797909,1.239752739,0,,42.22295026,-22.10320317,0
-35.80894743,23.31876617,0,,5.694367694,1.285054782,0,,41.50331512,-22.03371139,0
-35.90653975,23.24870451,0,,4.901960897,1.335556016,0,,40.80850065,-21.91314849,0
-35.99383588,23.15863182,0,,4.094049487,1.398712253,0,,40.08788537,-21.75991957,0
-36.07394579,23.07515589,0,,3.237090718,1.465389611,0,,39.31103651,-21.60976628,0
-36.15527414,23.02529929,0,,2.308786057,1.530744878,0,,38.4640602,-21.49455441,0
-36.26136955,23.01001217,0,,1.296798343,1.589311375,0,,37.55816789,-21.4207008,0
-36.39597931,23.01361176,0,,0.206264488,1.640995078,0,,36.6022438,-21.37261668,0
-36.55942675,23.04388706,0,,-0.944349146,1.6881825,0,,35.6150776,-21.35570456,0
-36.75760582,23.06473235,0,,-2.105303995,1.731559576,0,,34.65230183,-21.33317277,0
-36.97839199,23.04115875,0,,-3.239886521,1.777032359,0,,33.73850547,-21.26412639,0
-37.18487935,23.03936068,0,,-4.335693654,1.81417503,0,,32.8491857,-21.22518565,0
-37.35541737,23.07531454,0,,-5.397926485,1.834836598,0,,31.95749089,-21.24047794,0
-37.49869964,23.13165968,0,,-6.445915054,1.846109998,0,,31.05278459,-21.28554968,0
-37.62693877,23.19133859,0,,-7.508268492,1.839426361,0,,30.11867028,-21.35191223,0
-37.72853559,23.25539659,0,,-8.596400822,1.827126793,0,,29.13213477,-21.4282698,0
-37.8176058,23.32979892,0,,-9.708853152,1.803632352,0,,28.10875265,-21.52616657,0
-37.90819434,23.36390206,0,,-10.82551469,1.794551672,0,,27.08267965,-21.56935039,0
-38.00418169,23.35541736,0,,-11.9153028,1.810580346,0,,26.08887889,-21.54483701,0
-38.10308788,23.32759659,0,,-12.96631744,1.822135234,0,,25.13677044,-21.50546136,0
-38.2104944,23.29138275,0,,-13.98503671,1.834259162,0,,24.22545769,-21.45712359,0
-38.31967693,23.25591258,0,,-14.98035897,1.847410033,0,,23.33931796,-21.40850255,0
-38.41816804,23.24799357,0,,-15.95890343,1.846173667,0,,22.45926461,-21.4018199,0
-38.4904007,23.24032823,0,,-16.93048531,1.847089768,0,,21.55991539,-21.39323846,0
-38.54383712,23.24512188,0,,-17.91593205,1.856977701,0,,20.62790507,-21.38814418,0
-38.57935855,23.24295623,0,,-18.91450167,1.876790643,0,,19.66485688,-21.36616559,0
-38.60593317,23.23604747,0,,-19.91179131,1.898203683,0,,18.69414186,-21.33784379,0
-38.63816763,23.20745742,0,,-20.88315168,1.934657941,0,,17.75501595,-21.27279948,0
-38.68017639,23.16745271,0,,-21.81532533,1.972050762,0,,16.86485106,-21.19540195,0
-38.72414031,23.12502731,0,,-22.7034877,2.012237844,0,,16.02065261,-21.11278947,0
-38.76095221,23.09071371,0,,-23.55292634,2.027789444,0,,15.20802587,-21.06292427,0
-38.78283297,23.06462582,0,,-24.37657244,2.03241958,0,,14.40626053,-21.03220624,0
-38.79151361,23.03929535,0,,-25.19303017,2.042278408,0,,13.59848344,-20.99701694,0
-38.78979373,23.0269961,0,,-26.00521359,2.031963766,0,,12.78458014,-20.99503233,0
-38.78239933,23.0169226,0,,-26.82018808,2.023351577,0,,11.96221125,-20.99357102,0
-38.77317395,23.02691746,0,,-27.63458245,1.995545762,0,,11.1385915,-21.0313717,0
-38.76380958,23.04003897,0,,-28.44298664,1.964750203,0,,10.32082294,-21.07528877,0
-38.75706373,23.05696274,0,,-29.23978426,1.925869163,0,,9.51727947,-21.13109358,0
-38.74897181,23.06245124,0,,-30.01917918,1.898758479,0,,8.72979263,-21.16369276,0
-38.72749659,23.0685574,0,,-30.76942648,1.869424426,0,,7.95807011,-21.19913297,0
-38.69063371,23.06247384,0,,-31.48286146,1.856912722,0,,7.20777225,-21.20556112,0
-38.64307305,23.04986368,0,,-32.15576605,1.839234674,0,,6.487307,-21.21062901,0
-38.5841437,23.03224085,0,,-32.78970452,1.830995832,0,,5.79443918,-21.20124502,0
-38.52487853,22.98973003,0,,-33.39874463,1.845786099,0,,5.1261339,-21.14394393,0
-38.4675891,22.93406847,0,,-33.99078743,1.869932331,0,,4.47680167,-21.06413614,0
-38.41732638,22.86938067,0,,-34.57797872,1.911989148,0,,3.83934766,-20.95739152,0
-38.37807461,22.77796,0,,-35.16652907,1.977775698,0,,3.21154554,-20.8001843,0
-38.33953874,22.68547209,0,,-35.75451908,2.045521584,0,,2.58501966,-20.63995051,0
-38.28787091,22.60357724,0,,-36.33014202,2.132017774,0,,1.95772889,-20.47155947,0
-38.21702684,22.53092047,0,,-36.88983382,2.23085642,0,,1.32719302,-20.30006405,0
-38.13342899,22.449824,0,,-37.4399767,2.347927119,0,,0.69345229,-20.10189688,0
-38.03984828,22.35553081,0,,-37.98539492,2.469549945,0,,0.05445336,-19.88598087,0
-37.93431691,22.25067514,0,,-38.52961678,2.614222026,0,,-0.59529987,-19.63645311,0
-37.81771202,22.14099594,0,,-39.07554828,2.781037976,0,,-1.25783626,-19.35995796,0
-37.68906516,22.00071627,0,,-39.62663048,2.991714127,0,,-1.93756532,-19.00900214,0
-37.54566829,21.84144353,0,,-40.18484439,3.229279361,0,,-2.6391761,-18.61216417,0
-37.38350301,21.6390281,0,,-40.75360028,3.528102594,0,,-3.37009727,-18.11092551,0
-37.20209031,21.43341493,0,,-41.32627051,3.837476712,0,,-4.1241802,-17.59593822,0
-37.01717832,21.23866603,0,,-41.91132356,4.136023209,0,,-4.89414524,-17.10264282,0
-36.85080781,21.09650523,0,,-42.51795665,4.392477946,0,,-5.66714884,-16.70402728,0
-36.72127742,20.98475506,0,,-43.16006254,4.637186008,0,,-6.43878512,-16.34756905,0
-36.62099114,20.89676966,0,,-43.8295225,4.858004858,0,,-7.20853136,-16.0387648,0
-36.53462946,20.82051126,0,,-44.49224825,5.079794737,0,,-7.95761879,-15.74071652,0
-36.45630759,20.73523452,0,,-45.1111424,5.314214308,0,,-8.65483481,-15.42102021,0
-36.39436196,20.61805606,0,,-45.67423906,5.55496297,0,,-9.2798771,-15.06309309,0
-36.33087627,20.51549514,0,,-46.1641831,5.763391201,0,,-9.83330683,-14.75210394,0
-36.24729854,20.45584173,0,,-46.55922804,5.903651337,0,,-10.3119295,-14.55219039,0
-36.16414882,20.40133476,0,,-46.87143817,6.009489513,0,,-10.70728935,-14.39184525,0
-36.08390054,20.34883332,0,,-47.12439957,6.088082749,0,,-11.04049903,-14.26075057,0
-35.99741601,20.33035557,0,,-47.31196701,6.120363224,0,,-11.314551,-14.20999235,0
-35.92025772,20.3495411,0,,-47.43976704,6.09544615,0,,-11.51950932,-14.25409495,0
-35.85708616,20.36487451,0,,-47.52571723,6.070137219,0,,-11.66863107,-14.29473729,0
-35.80076778,20.37324502,0,,-47.58411799,6.049871875,0,,-11.78335021,-14.32337315,0
-35.75196492,20.39368612,0,,-47.62378149,6.028786968,0,,-11.87181657,-14.36489915,0
-35.72637206,20.40871321,0,,-47.65471757,6.043784404,0,,-11.92834551,-14.36492881,0
-35.71617685,20.44595159,0,,-47.67669653,6.09290593,0,,-11.96051968,-14.35304566,0
-35.73164142,20.48090412,0,,-47.68726523,6.173270693,0,,-11.95562381,-14.30763343,0
-35.77996047,20.49910596,0,,-47.68648269,6.268404978,0,,-11.90652222,-14.23070098,0
-35.85635964,20.51839852,0,,-47.6674538,6.373603804,0,,-11.81109416,-14.14479472,0
-35.95653753,20.53423537,0,,-47.62544952,6.487408043,0,,-11.66891199,-14.04682733,0
-36.07276173,20.57143972,0,,-47.55414523,6.593294675,0,,-11.4813835,-13.97814505,0
-36.2021548,20.62118998,0,,-47.45369395,6.684300133,0,,-11.25153915,-13.93688985,0
-36.34245515,20.69880627,0,,-47.32540367,6.756966823,0,,-10.98294852,-13.94183945,0
-36.49681989,20.78275609,0,,-47.17627899,6.822923806,0,,-10.6794591,-13.95983228,0
-36.66646797,20.88387907,0,,-47.01271639,6.861958228,0,,-10.34624842,-14.02192084,0
-36.85177201,20.98781015,0,,-46.83946713,6.878594471,0,,-9.98769512,-14.10921568,0
-37.04903951,21.08294365,0,,-46.65751201,6.897399073,0,,-9.6084725,-14.18554458,0
-37.25817278,21.18505845,0,,-46.46497101,6.888571443,0,,-9.20679823,-14.29648701,0
-37.4811736,21.28673899,0,,-46.26789385,6.877729197,0,,-8.78672025,-14.40900979,0
-37.71797061,21.39685228,0,,-46.0593384,6.846545599,0,,-8.34136779,-14.55030668,0
-37.9629735,21.50472613,0,,-45.83458737,6.804589734,0,,-7.87161387,-14.7001364,0
-38.20465977,21.59917245,0,,-45.58721281,6.766721281,0,,-7.38255304,-14.83245117,0
-38.42367847,21.67765426,0,,-45.31904495,6.741329873,0,,-6.89536648,-14.93632439,0
-38.60704266,21.73649887,0,,-45.02971089,6.724613298,0,,-6.42266823,-15.01188557,0
-38.78036816,21.7742935,0,,-44.7240203,6.717002875,0,,-5.94365214,-15.05729063,0
-38.97595825,21.82472565,0,,-44.38839368,6.717300257,0,,-5.41243543,-15.10742539,0
-39.20672789,21.87869608,0,,-44.00632466,6.714919194,0,,-4.79959677,-15.16377689,0
-39.45673138,21.9223818,0,,-43.56077207,6.699167324,0,,-4.10404069,-15.22321448,0
-39.69242234,21.95695769,0,,-43.04355257,6.664347858,0,,-3.35113023,-15.29260983,0
-39.89725053,21.99030576,0,,-42.45970672,6.62117064,0,,-2.56245619,-15.36913512,0
-40.07509126,22.05250016,0,,-41.80993399,6.556863622,0,,-1.73484273,-15.49563654,0
-40.22454658,22.15046572,0,,-41.08905592,6.470057623,0,,-0.86450934,-15.6804081,0
-40.34229868,22.29365555,0,,-40.28806888,6.355897786,0,,0.0542298,-15.93775776,0
-40.42619835,22.46708926,0,,-39.41075919,6.227471729,0,,1.01543916,-16.23961753,0
-40.48057056,22.68177371,0,,-38.46590467,6.079340054,0,,2.01466589,-16.60243366,0
-40.51221868,22.92336743,0,,-37.46317317,5.926942034,0,,3.04904551,-16.9964254,0
-40.52579032,23.17978496,0,,-36.41284027,5.744726231,0,,4.11295005,-17.43505873,0
-40.51833744,23.45997561,0,,-35.32449488,5.559318751,0,,5.19384256,-17.90065686,0
-40.49547898,23.73480573,0,,-34.21174111,5.373011009,0,,6.28373787,-18.36179472,0
-40.46642013,23.99252507,0,,-33.08205181,5.187333455,0,,7.38436832,-18.80519162,0
-40.43015109,24.2361951,0,,-31.93892362,4.992408936,0,,8.49122747,-19.24378616,0
-40.38434672,24.46334837,0,,-30.78207071,4.803548667,0,,9.60227601,-19.6597997,0
-40.32990434,24.66210088,0,,-29.61326259,4.630369208,0,,10.71664175,-20.03173167,0
-40.28034778,24.83348783,0,,-28.428048,4.465893416,0,,11.85229978,-20.36759441,0
-40.24677965,24.96065931,0,,-27.2270862,4.329017511,0,,13.01969345,-20.6316418,0
-40.22284329,25.07339672,0,,-26.00149977,4.191249773,0,,14.22134352,-20.88214695,0
-40.20186623,25.1745826,0,,-24.7462977,4.046976853,0,,15.45556853,-21.12760575,0
-40.18972702,25.28836508,0,,-23.47005372,3.886799281,0,,16.7196733,-21.4015658,0
-40.18471705,25.4243505,0,,-22.17863233,3.694779863,0,,18.00608472,-21.72957064,0
-40.16651279,25.57286041,0,,-20.87313996,3.468610411,0,,19.29337283,-22.10425,0
-40.12500286,25.73545069,0,,-19.55997935,3.220524892,0,,20.56502351,-22.5149258,0
-40.06422878,25.92866453,0,,-18.2473125,2.948684354,0,,21.81691628,-22.97998018,0
-39.99318792,26.13113171,0,,-16.94216167,2.664772813,0,,23.05102625,-23.4663589,0
-39.92399842,26.32067182,0,,-15.64971138,2.383965615,0,,24.27428704,-23.93670621,0
-39.87163049,26.4524186,0,,-14.3733842,2.128057808,0,,25.49824629,-24.32436079,0
-39.83934471,26.51934291,0,,-13.11148672,1.899305405,0,,26.72785799,-24.62003751,0
-39.81035922,26.56501939,0,,-11.85690878,1.676650254,0,,27.95345044,-24.88836914,0
-39.77298791,26.5992754,0,,-10.61342441,1.4638371,0,,29.1595635,-25.1354383,0
-39.7125174,26.64569578,0,,-9.375353203,1.250075295,0,,30.3371642,-25.39562049,0
-39.64284577,26.70726124,0,,-8.159607607,1.029491639,0,,31.48323816,-25.6777696,0
-39.57034539,26.75545814,0,,-6.979062018,0.804445883,0,,32.59128337,-25.95101226,0
-39.48642823,26.77579497,0,,-5.844862728,0.589543913,0,,33.6415655,-26.18625106,0
-39.38809036,26.80162592,0,,-4.76714043,0.372546477,0,,34.62094993,-26.42907944,0
-39.25214883,26.87616158,0,,-3.747381876,0.137089768,0,,35.50476695,-26.73907181,0
-39.05488915,27.04908744,0,,-2.786542448,-0.117567333,0,,36.2683467,-27.16665477,0
-38.88560273,27.2158448,0,,-1.935284442,-0.341799948,0,,36.95031829,-27.55764475,0
-38.81857965,27.24527529,0,,-1.190522774,-0.503592487,0,,37.62805688,-27.74886778,0
-38.78961171,27.2675345,0,,-0.516402612,-0.669871586,0,,38.2732091,-27.93740609,0
-38.74056296,27.32647557,0,,0.106308309,-0.840149796,0,,38.84687127,-28.16662537,0
-38.66765315,27.37803343,0,,0.692461712,-1.002002142,0,,39.36011486,-28.38003557,0
-38.57337306,27.40907173,0,,1.235405978,-1.126536054,0,,39.80877904,-28.53560778,0
-38.45880151,27.45608068,0,,1.725664577,-1.235777146,0,,40.18446609,-28.69185783,0
-38.34550456,27.48658672,0,,2.147658027,-1.320351941,0,,40.49316259,-28.80693866,0
-38.23887403,27.49787463,0,,2.498178642,-1.383152139,0,,40.73705267,-28.88102677,0
-38.13270867,27.46582266,0,,2.787927567,-1.425943111,0,,40.92063624,-28.89176577,0
-38.01108296,27.41431558,0,,3.042591652,-1.460140153,0,,41.05367461,-28.87445573,0
-37.86759546,27.36315424,0,,3.2757564,-1.482619447,0,,41.14335186,-28.84577369,0
-37.69821213,27.32833232,0,,3.494676874,-1.498446671,0,,41.192889,-28.82677899,0
-37.50126326,27.32480242,0,,3.698087435,-1.519498218,0,,41.1993507,-28.84430064,0
-37.28610359,27.33892083,0,,3.873478436,-1.53288875,0,,41.15958203,-28.87180958,0
-37.05532341,27.38554324,0,,4.019750938,-1.550988089,0,,41.07507435,-28.93653133,0
-36.80950329,27.46002969,0,,4.134931726,-1.561162528,0,,40.94443502,-29.02119222,0
-36.55964476,27.55663326,0,,4.212505886,-1.573815412,0,,40.77215065,-29.13044867,0
-36.31523533,27.66876376,0,,4.251580783,-1.583262326,0,,40.56681611,-29.25202609,0
-36.06273187,27.81647297,0,,4.258012404,-1.599445643,0,,40.32074427,-29.41591861,0
-35.78690104,27.98038865,0,,4.222273281,-1.596111363,0,,40.00917432,-29.57650001,0
-35.49707393,28.16142539,0,,4.131629531,-1.573044332,0,,39.62870346,-29.73446972,0
-35.24195441,28.26050723,0,,3.971071023,-1.506644473,0,,39.21302543,-29.7671517,0
-35.0327057,28.21476878,0,,3.734908265,-1.412284808,0,,38.76761397,-29.62705359,0
-34.84751389,28.06714535,0,,3.414568706,-1.278058211,0,,38.2620826,-29.34520356,0
-34.67451178,27.90726384,0,,3.011534135,-1.130226415,0,,37.68604592,-29.03749026,0
-34.52234473,27.79284875,0,,2.526562657,-0.970681556,0,,37.04890739,-28.76353031,0
-34.3939585,27.74521825,0,,1.966054072,-0.807762422,0,,36.36001257,-28.55298067,0
-34.27458263,27.77862471,0,,1.345707084,-0.643372306,0,,35.62028971,-28.42199702,0
-34.16022216,27.85444226,0,,0.698021165,-0.487039213,0,,34.85824333,-28.34148147,0
-34.05600874,27.93118595,0,,0.041559641,-0.344746887,0,,34.09756838,-28.27593284,0
-33.97464271,27.95486887,0,,-0.627202693,-0.201316122,0,,33.34744002,-28.15618499,0
-33.90784445,27.935827,0,,-1.321615966,-0.053255819,0,,32.58622848,-27.98908282,0
-33.85066729,27.8632261,0,,-2.050331249,0.105269844,0,,31.80033604,-27.75795626,0
-33.80006887,27.7718228,0,,-2.819226503,0.278209978,0,,30.98084237,-27.49361282,0
-33.75717736,27.67416488,0,,-3.635134756,0.455098346,0,,30.1220426,-27.21906653,0
-33.72240849,27.59749011,0,,-4.497580119,0.622107569,0,,29.22482837,-26.97538254,0
-33.70022645,27.52530673,0,,-5.398349308,0.773495168,0,,28.30187714,-26.75181156,0
-33.67941102,27.46033108,0,,-6.319807006,0.899681431,0,,27.35960401,-26.56064965,0
-33.65933522,27.39516673,0,,-7.248916693,0.999226634,0,,26.41041853,-26.3959401,0
-33.63607121,27.32496319,0,,-8.16442684,1.083860438,0,,25.47164437,-26.24110275,0
-33.61465422,27.27166513,0,,-9.038728668,1.140621445,0,,24.57592555,-26.13104369,0
-33.59895248,27.20060583,0,,-9.864299517,1.182026284,0,,23.73465296,-26.01857955,0
-33.58943284,27.11448847,0,,-10.65192888,1.225836079,0,,22.93750396,-25.88865239,0
-33.57620136,27.02313945,0,,-11.4225382,1.267727134,0,,22.15366316,-25.75541232,0
-33.5535921,26.91994551,0,,-12.20289306,1.326679644,0,,21.35069904,-25.59326587,0
-33.52295148,26.80594454,0,,-13.00694485,1.397650711,0,,20.51600663,-25.40829383,0
-33.49500555,26.68562985,0,,-13.85032676,1.472007954,0,,19.64467879,-25.2136219,0
-33.47860587,26.56047375,0,,-14.73606237,1.545044805,0,,18.7425435,-25.01542895,0
-33.46194663,26.44926091,0,,-15.62959785,1.620445148,0,,17.83234878,-24.82881576,0
-33.44425047,26.31948371,0,,-16.49214616,1.695719803,0,,16.95210431,-24.62376391,0
-33.42158844,26.17424675,0,,-17.30684715,1.772834151,0,,16.11474129,-24.4014126,0
-33.40499658,25.98648939,0,,-18.08716897,1.867017592,0,,15.31782761,-24.1194718,0
-33.39542892,25.79136195,0,,-18.85110757,1.971151076,0,,14.54432135,-23.82021087,0
-33.38602552,25.58351442,0,,-19.61573145,2.075470196,0,,13.77029407,-23.50804422,0
-33.38567167,25.35857781,0,,-20.39767249,2.188246933,0,,12.98799918,-23.17033088,0
-33.39969965,25.12641482,0,,-21.21391556,2.298692704,0,,12.18578409,-22.82772212,0
-33.42351718,24.89373215,0,,-22.06591523,2.406094949,0,,11.35760195,-22.4876372,0
-33.45615242,24.66041005,0,,-22.95523968,2.494381469,0,,10.50091274,-22.16602858,0
-33.49564694,24.44150401,0,,-23.87371042,2.562767767,0,,9.62193652,-21.87873624,0
-33.53497622,24.22868727,0,,-24.8065389,2.620539182,0,,8.72843732,-21.60814809,0
-33.56973577,24.01969497,0,,-25.7213322,2.677605972,0,,7.84840357,-21.342089,0
-33.59354179,23.81075903,0,,-26.58808384,2.716478214,0,,7.00545795,-21.09428082,0
-33.60927542,23.60814116,0,,-27.40592835,2.764762257,0,,6.20334707,-20.8433789,0
-33.61793568,23.40173662,0,,-28.17635941,2.82079129,0,,5.44157627,-20.58094533,0
-33.62570191,23.18446716,0,,-28.9236226,2.8865143,0,,4.70207931,-20.29795286,0
-33.63834193,22.94604619,0,,-29.66577828,2.960395401,0,,3.97256365,-19.98565079,0
-33.65772864,22.69598452,0,,-30.41196931,3.044187167,0,,3.24575933,-19.65179735,0
-33.6819378,22.4410433,0,,-31.16894833,3.126895353,0,,2.51298947,-19.31414795,0
-33.70876347,22.19639882,0,,-31.94312114,3.198930981,0,,1.76564233,-18.99746784,0
-33.73311509,21.96863524,0,,-32.72782767,3.257729968,0,,1.00528742,-18.71090527,0
-33.75221999,21.76067268,0,,-33.50579427,3.292639348,0,,0.24642572,-18.46803333,0
-33.76475096,21.57623905,0,,-34.25868351,3.295572793,0,,-0.49393255,-18.28066626,0
-33.77994018,21.37556713,0,,-34.97212356,3.293203454,0,,-1.19218338,-18.08236368,0
-33.79890891,21.16037507,0,,-35.64444037,3.295619282,0,,-1.84553146,-17.86475579,0
-33.81482759,20.94060278,0,,-36.27813544,3.297263128,0,,-2.46330785,-17.64333965,0
-33.81998403,20.70233485,0,,-36.87522174,3.329389299,0,,-3.05523771,-17.37294555,0
-33.81804245,20.44371401,0,,-37.44664916,3.386877442,0,,-3.62860671,-17.05683657,0
-33.81203862,20.18492538,0,,-38.01049443,3.450778926,0,,-4.19845581,-16.73414645,0
-33.80281102,19.90543792,0,,-38.57454499,3.519677272,0,,-4.77173397,-16.38576065,0
-33.79076117,19.62150515,0,,-39.14335854,3.572479143,0,,-5.35259737,-16.04902601,0
-33.77392444,19.34291765,0,,-39.71366914,3.605764114,0,,-5.9397447,-15.73715354,0
-33.74846573,19.04318083,0,,-40.27358256,3.6438626,0,,-6.52511683,-15.39931823,0
-33.71488983,18.70468678,0,,-40.80450884,3.698057843,0,,-7.08961901,-15.00662894,0
-33.67350355,18.34022983,0,,-41.3061519,3.759570895,0,,-7.63264835,-14.58065894,0
-33.62947261,17.94753585,0,,-41.78692552,3.849586888,0,,-8.15745291,-14.09794896,0
-33.58551387,17.56297896,0,,-42.25004019,3.941793567,0,,-8.66452632,-13.62118539,0
-33.54574712,17.25901802,0,,-42.69466355,3.969988774,0,,-9.14891643,-13.28902925,0
-33.50952671,17.03261748,0,,-43.12203325,3.940705325,0,,-9.61250654,-13.09191216,0
-33.47331599,16.86488231,0,,-43.53740319,3.876452945,0,,-10.0640872,-12.98842937,0
-33.44170878,16.68946369,0,,-43.95078802,3.815854095,0,,-10.50907924,-12.8736096,0
-33.4120292,16.49419567,0,,-44.37306519,3.771636694,0,,-10.96103599,-12.72255898,0
-33.3889602,16.2835568,0,,-44.81314107,3.743075927,0,,-11.42418087,-12.54048087,0
-33.37121092,16.04966533,0,,-45.27971861,3.733543721,0,,-11.90850769,-12.31612161,0
-33.35210015,15.78469193,0,,-45.76617885,3.740369129,0,,-12.4140787,-12.0443228,0
-33.32820891,15.51964504,0,,-46.25819042,3.760636585,0,,-12.92998151,-11.75900846,0
-33.28682434,15.2593452,0,,-46.73957871,3.783931754,0,,-13.45275437,-11.47541345,0
-33.22824286,15.00706503,0,,-47.20194475,3.79817084,0,,-13.97370189,-11.20889419,0
-33.15318688,14.76331507,0,,-47.63910057,3.810885209,0,,-14.48591369,-10.95242986,0
-33.06614691,14.52197205,0,,-48.05598909,3.816836014,0,,-14.98984218,-10.70513604,0
-32.96863708,14.27091953,0,,-48.4535205,3.816793654,0,,-15.48488342,-10.45412588,0
-32.8636391,14.00837913,0,,-48.8288569,3.8083964,0,,-15.9652178,-10.19998273,0
-32.74953376,13.73194229,0,,-49.18402322,3.808162239,0,,-16.43448946,-9.923780051,0
-32.62891286,13.45765035,0,,-49.52945625,3.791740236,0,,-16.90054339,-9.665910114,0
,,,,,,,,,,
,,,,,,,,,,
,,,,,,,,,,
,,,,,,,,,,
,,,,,,,,,,
,,,,,,,,,,
,,,,,,,,,,
